laureate_id,award_year,area,laureate_type,display_name,given_name,family_name,gender,birth_or_founded_date,death_date,origin_city,origin_country,origin_continent,portion,sort_order,motivation_en,affiliations,prize_status,date_awarded,prize_amount_sek,prize_amount_adjusted_sek,official_laureate_url,official_prize_url,wikipedia_url,wikidata_url,api_laureate_url
1050,2025,Física,person,John Clarke,John,Clarke,male,1942-00-00,,Cambridge,United Kingdom,Europe,1/3,1,for the discovery of macroscopic quantum mechanical tunnelling and energy quantisation in an electric circuit,"University of California — Berkeley, CA, USA",received,2025-10-07,11000000,11000000,https://www.nobelprize.org/laureate/1050,https://www.nobelprize.org/prizes/physics/2025/summary/,https://en.wikipedia.org/wiki/John_Clarke_(physicist),https://www.wikidata.org/wiki/Q555849,https://api.nobelprize.org/2/laureate/1050
1051,2025,Física,person,Michel H. Devoret,Michel H.,Devoret,male,1953-00-00,,Paris,France,Europe,1/3,2,for the discovery of macroscopic quantum mechanical tunnelling and energy quantisation in an electric circuit,"Yale University — New Haven, CT, USA | University of California — Santa Barbara, CA, USA | Google Quantum AI — Santa Barbara, CA, USA",received,2025-10-07,11000000,11000000,https://www.nobelprize.org/laureate/1051,https://www.nobelprize.org/prizes/physics/2025/summary/,https://en.wikipedia.org/wiki/Michel_Devoret,https://www.wikidata.org/wiki/Q26703310,https://api.nobelprize.org/2/laureate/1051
1052,2025,Física,person,John M. Martinis,John M.,Martinis,male,1958-00-00,,,,,1/3,3,for the discovery of macroscopic quantum mechanical tunnelling and energy quantisation in an electric circuit,"University of California — Santa Barbara, CA, USA | Qolab — Los Angeles, CA, USA",received,2025-10-07,11000000,11000000,https://www.nobelprize.org/laureate/1052,https://www.nobelprize.org/prizes/physics/2025/summary/,https://en.wikipedia.org/wiki/John_M._Martinis,https://www.wikidata.org/wiki/Q28976188,https://api.nobelprize.org/2/laureate/1052
1053,2025,Química,person,Susumu Kitagawa,Susumu,Kitagawa,male,1951-07-04,,Kyoto,Japan,Asia,1/3,1,for the development of metal–organic frameworks,"Kyoto University — Kyoto, Japan",received,2025-10-08,11000000,11000000,https://www.nobelprize.org/laureate/1053,https://www.nobelprize.org/prizes/chemistry/2025/summary/,https://en.wikipedia.org/wiki/Susumu_Kitagawa,https://www.wikidata.org/wiki/Q11401680,https://api.nobelprize.org/2/laureate/1053
1054,2025,Química,person,Richard Robson,Richard,Robson,male,1937-06-04,,Glusburn,United Kingdom,Europe,1/3,2,for the development of metal–organic frameworks,"University of Melbourne — Melbourne, Australia",received,2025-10-08,11000000,11000000,https://www.nobelprize.org/laureate/1054,https://www.nobelprize.org/prizes/chemistry/2025/summary/,https://en.wikipedia.org/wiki/Richard_Robson_(chemist),https://www.wikidata.org/wiki/Q23073819,https://api.nobelprize.org/2/laureate/1054
1055,2025,Química,person,Omar M. Yaghi,Omar M.,Yaghi,male,1965-02-09,,Amman,Jordan,Asia,1/3,3,for the development of metal–organic frameworks,"University of California — Berkeley, CA, USA",received,2025-10-08,11000000,11000000,https://www.nobelprize.org/laureate/1055,https://www.nobelprize.org/prizes/chemistry/2025/summary/,https://en.wikipedia.org/wiki/Omar_M._Yaghi,https://www.wikidata.org/wiki/Q743252,https://api.nobelprize.org/2/laureate/1055
1047,2025,Medicina,person,Mary E. Brunkow,Mary E.,Brunkow,female,1961-04-23,,"Portland, OR",USA,North America,1/3,1,for their discoveries concerning peripheral immune tolerance,"Institute for Systems Biology — Seattle, WA, USA",received,2025-10-06,11000000,11000000,https://www.nobelprize.org/laureate/1047,https://www.nobelprize.org/prizes/medicine/2025/summary/,https://en.wikipedia.org/wiki/Mary_E._Brunkow,https://www.wikidata.org/wiki/Q136445350,https://api.nobelprize.org/2/laureate/1047
1048,2025,Medicina,person,Fred Ramsdell,Frederick J.,Ramsdell,male,1960-12-04,,"Elmhurst, IL",USA,North America,1/3,2,for their discoveries concerning peripheral immune tolerance,"Sonoma Biotherapeutics — San Francisco, CA, USA",received,2025-10-06,11000000,11000000,https://www.nobelprize.org/laureate/1048,https://www.nobelprize.org/prizes/medicine/2025/summary/,https://en.wikipedia.org/wiki/Fred_Ramsdell,https://www.wikidata.org/wiki/Q28212107,https://api.nobelprize.org/2/laureate/1048
1049,2025,Medicina,person,Shimon Sakaguchi,Shimon,Sakaguchi,male,1951-01-19,,"Nagahama, Shiga",Japan,Asia,1/3,3,for their discoveries concerning peripheral immune tolerance,"The University of Osaka — Osaka, Japan",received,2025-10-06,11000000,11000000,https://www.nobelprize.org/laureate/1049,https://www.nobelprize.org/prizes/medicine/2025/summary/,https://en.wikipedia.org/wiki/Shimon_Sakaguchi,https://www.wikidata.org/wiki/Q17502433,https://api.nobelprize.org/2/laureate/1049
1058,2025,Ciencias Económicas,person,Joel Mokyr,Joel,Mokyr,male,1946-07-26,,Leiden,the Netherlands,Europe,1/2,1,for having identified the prerequisites for sustained growth through technological progress,"Northwestern University — Evanston, IL, USA | Eitan Berglas School of Economics, Tel Aviv University — Tel Aviv, Israel",received,2025-10-13,11000000,11000000,https://www.nobelprize.org/laureate/1058,https://www.nobelprize.org/prizes/economic-sciences/2025/summary/,https://en.wikipedia.org/wiki/Joel_Mokyr,https://www.wikidata.org/wiki/Q2899100,https://api.nobelprize.org/2/laureate/1058
1059,2025,Ciencias Económicas,person,Philippe Aghion,Philippe,Aghion,male,1956-08-17,,Paris,France,Europe,1/4,2,for the theory of sustained growth through creative destruction,"Collège de France — Paris, France | INSEAD — Paris, France | London School of Economics and Political Science — London, United Kingdom",received,2025-10-13,11000000,11000000,https://www.nobelprize.org/laureate/1059,https://www.nobelprize.org/prizes/economic-sciences/2025/summary/,https://en.wikipedia.org/wiki/Philippe_Aghion,https://www.wikidata.org/wiki/Q376364,https://api.nobelprize.org/2/laureate/1059
1060,2025,Ciencias Económicas,person,Peter Howitt,Peter,Howitt,male,1946-05-31,,,Canada,North America,1/4,3,for the theory of sustained growth through creative destruction,"Brown University — Providence, RI, USA",received,2025-10-13,11000000,11000000,https://www.nobelprize.org/laureate/1060,https://www.nobelprize.org/prizes/economic-sciences/2025/summary/,https://en.wikipedia.org/wiki/Peter Howitt_(economist),https://www.wikidata.org/wiki/Q7174757,https://api.nobelprize.org/2/laureate/1060
1057,2025,Paz,person,Maria Corina Machado,Maria Corina,Machado,female,1967-00-00,,,Venezuela,South America,1,1,for her tireless work promoting democratic rights for the people of Venezuela and for her struggle to achieve a just and peaceful transition from dictatorship to democracy,,received,2025-10-10,11000000,11000000,https://www.nobelprize.org/laureate/1057,https://www.nobelprize.org/prizes/peace/2025/summary/,https://en.wikipedia.org/wiki/Maria_Corina_Machado,https://www.wikidata.org/wiki/Q439564,https://api.nobelprize.org/2/laureate/1057
1056,2025,Literatura,person,László Krasznahorkai,László,Krasznahorkai,male,1954-01-05,,Gyula,Hungary,Europe,1,1,"for his compelling and visionary oeuvre that, in the midst of apocalyptic terror, reaffirms the power of art",,received,2025-10-09,11000000,11000000,https://www.nobelprize.org/laureate/1056,https://www.nobelprize.org/prizes/literature/2025/summary/,https://en.wikipedia.org/wiki/László_Krasznahorkai,https://www.wikidata.org/wiki/Q512062,https://api.nobelprize.org/2/laureate/1056
1037,2024,Física,person,John J. Hopfield,John,Hopfield,male,1933-07-15,,"Chicago, IL",USA,North America,1/2,1,for foundational discoveries and inventions that enable machine learning with artificial neural networks,"Princeton University — Princeton, NJ, USA",received,2024-10-08,11000000,11000000,https://www.nobelprize.org/laureate/1037,https://www.nobelprize.org/prizes/physics/2024/summary/,https://en.wikipedia.org/wiki/John_Hopfield,https://www.wikidata.org/wiki/Q391237,https://api.nobelprize.org/2/laureate/1037
1038,2024,Física,person,Geoffrey Hinton,Geoffrey,Hinton,male,1947-12-06,,London,United Kingdom,Europe,1/2,2,for foundational discoveries and inventions that enable machine learning with artificial neural networks,"University of Toronto — Toronto, Canada",received,2024-10-08,11000000,11000000,https://www.nobelprize.org/laureate/1038,https://www.nobelprize.org/prizes/physics/2024/summary/,https://en.wikipedia.org/wiki/Geoffrey_Hinton,https://www.wikidata.org/wiki/Q92894,https://api.nobelprize.org/2/laureate/1038
1039,2024,Química,person,David Baker,David,Baker,male,1962-00-00,,"Seattle, WA",USA,North America,1/2,1,for computational protein design,"University of Washington — Seattle, WA, USA | Howard Hughes Medical Institute — USA",received,2024-10-09,11000000,11000000,https://www.nobelprize.org/laureate/1039,https://www.nobelprize.org/prizes/chemistry/2024/summary/,https://en.wikipedia.org/wiki/David_Baker_(biochemist),https://www.wikidata.org/wiki/Q3814528,https://api.nobelprize.org/2/laureate/1039
1040,2024,Química,person,Demis Hassabis,Demis,Hassabis,male,1976-07-27,,London,United Kingdom,Europe,1/4,2,for protein structure prediction,"Google DeepMind — London, United Kingdom",received,2024-10-09,11000000,11000000,https://www.nobelprize.org/laureate/1040,https://www.nobelprize.org/prizes/chemistry/2024/summary/,https://en.wikipedia.org/wiki/Demis_Hassabis,https://www.wikidata.org/wiki/Q3022141,https://api.nobelprize.org/2/laureate/1040
1041,2024,Química,person,John Jumper,John,Jumper,male,1985-00-00,,"Little Rock, AR",USA,North America,1/4,3,for protein structure prediction,"Google DeepMind — London, United Kingdom",received,2024-10-09,11000000,11000000,https://www.nobelprize.org/laureate/1041,https://www.nobelprize.org/prizes/chemistry/2024/summary/,https://en.wikipedia.org/wiki/John_M._Jumper,https://www.wikidata.org/wiki/Q89620738,https://api.nobelprize.org/2/laureate/1041
1035,2024,Medicina,person,Victor Ambros,Victor,Ambros,male,1953-12-01,,"Hanover, NH",USA,North America,1/2,1,for the discovery of microRNA and its role in post-transcriptional gene regulation,"UMass Chan Medical School — Worcester, MA, USA",received,2024-10-07,11000000,11000000,https://www.nobelprize.org/laureate/1035,https://www.nobelprize.org/prizes/medicine/2024/summary/,https://en.wikipedia.org/wiki/Victor_Ambros,https://www.wikidata.org/wiki/Q983858,https://api.nobelprize.org/2/laureate/1035
1036,2024,Medicina,person,Gary Ruvkun,Gary,Ruvkun,male,1952-00-00,,"Berkeley, CA",USA,North America,1/2,2,for the discovery of microRNA and its role in post-transcriptional gene regulation,"Massachusetts General Hospital — Boston, MA, USA | Harvard Medical School — Boston, MA, USA",received,2024-10-07,11000000,11000000,https://www.nobelprize.org/laureate/1036,https://www.nobelprize.org/prizes/medicine/2024/summary/,https://en.wikipedia.org/wiki/Gary_Ruvkun,https://www.wikidata.org/wiki/Q504021,https://api.nobelprize.org/2/laureate/1036
1044,2024,Ciencias Económicas,person,Daron Acemoglu,Daron,Acemoglu,male,1967-09-03,,Istanbul,Turkey,Asia,1/3,1,for studies of how institutions are formed and affect prosperity,"Massachusetts Institute of Technology (MIT) — Cambridge, MA, USA",received,2024-10-14,11000000,11000000,https://www.nobelprize.org/laureate/1044,https://www.nobelprize.org/prizes/economic-sciences/2024/summary/,https://en.wikipedia.org/wiki/Daron_Acemoglu,https://www.wikidata.org/wiki/Q718581,https://api.nobelprize.org/2/laureate/1044
1045,2024,Ciencias Económicas,person,Simon Johnson,Simon,Johnson,male,1963-00-00,,Sheffield,United Kingdom,Europe,1/3,2,for studies of how institutions are formed and affect prosperity,"Massachusetts Institute of Technology (MIT) — Cambridge, MA, USA",received,2024-10-14,11000000,11000000,https://www.nobelprize.org/laureate/1045,https://www.nobelprize.org/prizes/economic-sciences/2024/summary/,https://en.wikipedia.org/wiki/Simon_Johnson_(economist),https://www.wikidata.org/wiki/Q1461050,https://api.nobelprize.org/2/laureate/1045
1046,2024,Ciencias Económicas,person,James A. Robinson,James,Robinson,male,1960-00-00,,,,,1/3,3,for studies of how institutions are formed and affect prosperity,"University of Chicago — Chicago, IL, USA",received,2024-10-14,11000000,11000000,https://www.nobelprize.org/laureate/1046,https://www.nobelprize.org/prizes/economic-sciences/2024/summary/,https://en.wikipedia.org/wiki/James_A._Robinson,https://www.wikidata.org/wiki/Q19520018,https://api.nobelprize.org/2/laureate/1046
1043,2024,Paz,organization,Nihon Hidankyo,,,,1956-08-10,,Nagasaki,Japan,Asia,1,1,for its efforts to achieve a world free of nuclear weapons and for demonstrating through witness testimony that nuclear weapons must never be used again,,received,2024-10-11,11000000,11000000,https://www.nobelprize.org/laureate/1043,https://www.nobelprize.org/prizes/peace/2024/summary/,https://en.wikipedia.org/wiki/Japan_Confederation_of_A-_and_H-Bomb_Sufferers_Organizations,https://www.wikidata.org/wiki/Q1989908,https://api.nobelprize.org/2/laureate/1043
1042,2024,Literatura,person,Han Kang,Kang,Han,female,1970-11-27,,Gwangju,South Korea,Asia,1,1,for her intense poetic prose that confronts historical traumas and exposes the fragility of human life,,received,2024-10-10,11000000,11000000,https://www.nobelprize.org/laureate/1042,https://www.nobelprize.org/prizes/literature/2024/summary/,https://en.wikipedia.org/wiki/Han_Kang,https://www.wikidata.org/wiki/Q5646626,https://api.nobelprize.org/2/laureate/1042
1026,2023,Física,person,Pierre Agostini,Pierre,Agostini,male,1941-07-23,,Tunis,French protectorate of Tunisia,Africa,1/3,1,for experimental methods that generate attosecond pulses of light for the study of electron dynamics in matter,"The Ohio State University — Columbus, OH, USA",received,2023-10-03,11000000,11314967,https://www.nobelprize.org/laureate/1026,https://www.nobelprize.org/prizes/physics/2023/summary/,https://en.wikipedia.org/wiki/Pierre_Agostini,https://www.wikidata.org/wiki/Q122921025,https://api.nobelprize.org/2/laureate/1026
1027,2023,Física,person,Ferenc Krausz,Ferenc,Krausz,male,1962-05-17,,Mór,Hungary,Europe,1/3,2,for experimental methods that generate attosecond pulses of light for the study of electron dynamics in matter,"Max Planck Institute of Quantum Optics — Garching, Germany | Ludwig-Maximilians-Universität München — Munich, Germany",received,2023-10-03,11000000,11314967,https://www.nobelprize.org/laureate/1027,https://www.nobelprize.org/prizes/physics/2023/summary/,https://en.wikipedia.org/wiki/Ferenc_Krausz,https://www.wikidata.org/wiki/Q86970,https://api.nobelprize.org/2/laureate/1027
1028,2023,Física,person,Anne L’Huillier,Anne,L’Huillier,female,1958-08-16,,Paris,France,Europe,1/3,3,for experimental methods that generate attosecond pulses of light for the study of electron dynamics in matter,"Lund University — Lund, Sweden",received,2023-10-03,11000000,11314967,https://www.nobelprize.org/laureate/1028,https://www.nobelprize.org/prizes/physics/2023/summary/,https://en.wikipedia.org/wiki/Anne_L%27Huillier,https://www.wikidata.org/wiki/Q565544,https://api.nobelprize.org/2/laureate/1028
1029,2023,Química,person,Moungi Bawendi,Moungi,Bawendi,male,1961-00-00,,Paris,France,Europe,1/3,1,for the discovery and synthesis of quantum dots,"Massachusetts Institute of Technology (MIT) — Cambridge, MA, USA",received,2023-10-04,11000000,11314967,https://www.nobelprize.org/laureate/1029,https://www.nobelprize.org/prizes/chemistry/2023/summary/,https://en.wikipedia.org/wiki/Moungi_Bawendi,https://www.wikidata.org/wiki/Q15433043,https://api.nobelprize.org/2/laureate/1029
1030,2023,Química,person,Louis Brus,Louis,Brus,male,1943-00-00,2026-01-11,"Cleveland, OH",USA,North America,1/3,2,for the discovery and synthesis of quantum dots,"Columbia University — New York, NY, USA",received,2023-10-04,11000000,11314967,https://www.nobelprize.org/laureate/1030,https://www.nobelprize.org/prizes/chemistry/2023/summary/,https://en.wikipedia.org/wiki/Louis_E._Brus,https://www.wikidata.org/wiki/Q194646,https://api.nobelprize.org/2/laureate/1030
1031,2023,Química,person,Aleksey Yekimov ,Aleksey,Yekimov,male,1945-00-00,,Leningrad,USSR,Europe,1/3,3,for the discovery and synthesis of quantum dots,"Nanocrystals Technology Inc. — New York, NY, USA",received,2023-10-04,11000000,11314967,https://www.nobelprize.org/laureate/1031,https://www.nobelprize.org/prizes/chemistry/2023/summary/,https://en.wikipedia.org/wiki/Alexei_Ekimov,https://www.wikidata.org/wiki/Q1547368,https://api.nobelprize.org/2/laureate/1031
1024,2023,Medicina,person,Katalin Karikó,Katalin,Karikó,female,1955-01-17,,Szolnok,Hungary,Europe,1/2,1,for their discoveries concerning nucleoside base modifications that enabled the development of effective mRNA vaccines against COVID-19,"Szeged University — Szeged, Hungary | University of Pennsylvania — Philadelphia, PA, USA",received,2023-10-02,11000000,11314967,https://www.nobelprize.org/laureate/1024,https://www.nobelprize.org/prizes/medicine/2023/summary/,https://en.wikipedia.org/wiki/Katalin_Karikó,https://www.wikidata.org/wiki/Q88608397,https://api.nobelprize.org/2/laureate/1024
1025,2023,Medicina,person,Drew Weissman,Drew,Weissman,male,1959-09-07,,"Lexington, MA",USA,North America,1/2,2,for their discoveries concerning nucleoside base modifications that enabled the development of effective mRNA vaccines against COVID-19,"Penn Institute for RNA Innovations, University of Pennsylvania — Philadelphia, PA, USA",received,2023-10-02,11000000,11314967,https://www.nobelprize.org/laureate/1025,https://www.nobelprize.org/prizes/medicine/2023/summary/,https://en.wikipedia.org/wiki/Drew_Weissman,https://www.wikidata.org/wiki/Q88608402,https://api.nobelprize.org/2/laureate/1025
1034,2023,Ciencias Económicas,person,Claudia Goldin,Claudia,Goldin,female,1946-05-14,,"New York, NY",USA,North America,1,1,for having advanced our understanding of women’s labour market outcomes,"Harvard University — Cambridge, MA, USA",received,2023-10-09,11000000,11314967,https://www.nobelprize.org/laureate/1034,https://www.nobelprize.org/prizes/economic-sciences/2023/summary/,https://en.wikipedia.org/wiki/Claudia_Goldin,https://www.wikidata.org/wiki/Q1097475,https://api.nobelprize.org/2/laureate/1034
1033,2023,Paz,person,Narges Mohammadi,Narges,Mohammadi,female,1972-04-21,,Zanjan,Iran,Asia,1,1,for her fight against the oppression of women in Iran and her fight to promote human rights and freedom for all,,received,2023-10-06,11000000,11314967,https://www.nobelprize.org/laureate/1033,https://www.nobelprize.org/prizes/peace/2023/summary/,https://en.wikipedia.org/wiki/Narges_Mohammadi,https://www.wikidata.org/wiki/Q4967771,https://api.nobelprize.org/2/laureate/1033
1032,2023,Literatura,person,Jon Fosse,Jon,Fosse,male,1959-09-29,,Haugesund,Norway,Europe,1,1,for his innovative plays and prose which give voice to the unsayable,,received,2023-10-05,11000000,11314967,https://www.nobelprize.org/laureate/1032,https://www.nobelprize.org/prizes/literature/2023/summary/,https://en.wikipedia.org/wiki/Jon_Fosse,https://www.wikidata.org/wiki/Q443868,https://api.nobelprize.org/2/laureate/1032
1012,2022,Física,person,Alain Aspect,Alain,Aspect,male,1947-06-15,,Agen,France,Europe,1/3,1,"for experiments with entangled photons, establishing the violation of Bell inequalities and  pioneering quantum information science","Institut d’Optique Graduate School – Université Paris-Saclay — Paris, France | École Polytechnique — Palaiseau, France",received,2022-10-04,10000000,11162900,https://www.nobelprize.org/laureate/1012,https://www.nobelprize.org/prizes/physics/2022/summary/,https://en.wikipedia.org/wiki/Alain_Aspect,https://www.wikidata.org/wiki/Q364997,https://api.nobelprize.org/2/laureate/1012
1013,2022,Física,person,John Clauser,John ,Clauser,male,1942-12-01,,"Pasadena, CA",USA,North America,1/3,2,"for experiments with entangled photons, establishing the violation of Bell inequalities and  pioneering quantum information science","J.F. Clauser & Assoc. — Walnut Creek, CA, USA",received,2022-10-04,10000000,11162900,https://www.nobelprize.org/laureate/1013,https://www.nobelprize.org/prizes/physics/2022/summary/,https://en.wikipedia.org/wiki/John_Clauser,https://www.wikidata.org/wiki/Q1365270,https://api.nobelprize.org/2/laureate/1013
1014,2022,Física,person,Anton Zeilinger,Anton,Zeilinger,male,1945-05-20,,Ried im Innkreis,Austria,Europe,1/3,3,"for experiments with entangled photons, establishing the violation of Bell inequalities and  pioneering quantum information science","University of Vienna — Vienna, Austria | Institute for Quantum Optics and Quantum Information, Austrian Academy of Sciences — Vienna, Austria",received,2022-10-04,10000000,11162900,https://www.nobelprize.org/laureate/1014,https://www.nobelprize.org/prizes/physics/2022/summary/,https://en.wikipedia.org/wiki/Anton_Zeilinger,https://www.wikidata.org/wiki/Q78610,https://api.nobelprize.org/2/laureate/1014
1015,2022,Química,person,Carolyn Bertozzi,Carolyn,Bertozzi,female,1966-10-10,,"Boston, MA",USA,North America,1/3,1,for the development of click chemistry and bioorthogonal chemistry,"Stanford University — Stanford, CA, USA | Howard Hughes Medical Institute — USA",received,2022-10-05,10000000,11162900,https://www.nobelprize.org/laureate/1015,https://www.nobelprize.org/prizes/chemistry/2022/summary/,https://en.wikipedia.org/wiki/Carolyn_R._Bertozzi,https://www.wikidata.org/wiki/Q7442,https://api.nobelprize.org/2/laureate/1015
1016,2022,Química,person,Morten Meldal,Morten,Meldal,male,1954-01-16,,Copenhagen,Denmark,Europe,1/3,2,for the development of click chemistry and bioorthogonal chemistry,"University of Copenhagen — Copenhagen, Denmark",received,2022-10-05,10000000,11162900,https://www.nobelprize.org/laureate/1016,https://www.nobelprize.org/prizes/chemistry/2022/summary/,https://en.wikipedia.org/wiki/Morten_P._Meldal,https://www.wikidata.org/wiki/Q6914509,https://api.nobelprize.org/2/laureate/1016
743,2022,Química,person,K. Barry Sharpless,Barry,Sharpless,male,1941-04-28,,"Philadelphia, PA",USA,North America,1/3,3,for the development of click chemistry and bioorthogonal chemistry,"Scripps Research — La Jolla, CA, USA",received,2022-10-05,10000000,11162900,https://www.nobelprize.org/laureate/743,https://www.nobelprize.org/prizes/chemistry/2022/summary/,https://en.wikipedia.org/wiki/Karl_Barry_Sharpless,https://www.wikidata.org/wiki/Q110925,https://api.nobelprize.org/2/laureate/743
1011,2022,Medicina,person,Svante Pääbo,Svante,Pääbo,male,1955-04-20,,Stockholm,Sweden,Europe,1,1,for his discoveries concerning the genomes of extinct hominins and human evolution,"Max Planck Institute for Evolutionary Anthropology — Leipzig, Germany | Okinawa Institute of Science and Technology — Okinawa, Japan | Leipzig University — Leipzig, Germany",received,2022-10-03,10000000,11162900,https://www.nobelprize.org/laureate/1011,https://www.nobelprize.org/prizes/medicine/2022/summary/,https://en.wikipedia.org/wiki/Svante_Pääbo,https://www.wikidata.org/wiki/Q170342,https://api.nobelprize.org/2/laureate/1011
1021,2022,Ciencias Económicas,person,Ben Bernanke,Ben,Bernanke,male,1953-12-13,,"Augusta, GA",USA,North America,1/3,1,for research on banks and financial crises,"The Brookings Institution — Washington, D.C., USA",received,2011-10-10,10000000,11162900,https://www.nobelprize.org/laureate/1021,https://www.nobelprize.org/prizes/economic-sciences/2022/summary/,https://en.wikipedia.org/wiki/Ben_Bernanke,https://www.wikidata.org/wiki/Q201795,https://api.nobelprize.org/2/laureate/1021
1022,2022,Ciencias Económicas,person,Douglas Diamond,Douglas,Diamond,male,1953-10-25,,"Chicago, IL",USA,North America,1/3,2,for research on banks and financial crises,"University of Chicago — Chicago, IL, USA",received,2011-10-10,10000000,11162900,https://www.nobelprize.org/laureate/1022,https://www.nobelprize.org/prizes/economic-sciences/2022/summary/,https://en.wikipedia.org/wiki/Douglas_Diamond,https://www.wikidata.org/wiki/Q185871,https://api.nobelprize.org/2/laureate/1022
1023,2022,Ciencias Económicas,person,Philip Dybvig,Philip,Dybvig,male,1955-05-22,,"Gainesville, FL",USA,North America,1/3,3,for research on banks and financial crises,"Washington University — St. Louis, MO, USA",received,2011-10-10,10000000,11162900,https://www.nobelprize.org/laureate/1023,https://www.nobelprize.org/prizes/economic-sciences/2022/summary/,https://en.wikipedia.org/wiki/Philip_H._Dybvig,https://www.wikidata.org/wiki/Q24565948,https://api.nobelprize.org/2/laureate/1023
1018,2022,Paz,person,Ales Bialiatski,Ales,Bialiatski ,male,1962-09-25,,"Vyartsilya, Karelia",Russia,Europe,1/3,1,"The Peace Prize laureates represent civil society in their home countries. They have for many years promoted the right to criticise power and protect the fundamental rights of citizens. They have made an outstanding effort to document war crimes, human right abuses and the abuse of power. Together they demonstrate the significance of civil society for peace and democracy.",,received,2022-10-07,10000000,11162900,https://www.nobelprize.org/laureate/1018,https://www.nobelprize.org/prizes/peace/2022/summary/,https://en.wikipedia.org/wiki/Ales_Bialiatski,https://www.wikidata.org/wiki/Q118263,https://api.nobelprize.org/2/laureate/1018
1019,2022,Paz,organization,Memorial,,,,1987-00-00,,Moscow,Russia,Europe,1/3,2,"The Peace Prize laureates represent civil society in their home countries. They have for many years promoted the right to criticise power and protect the fundamental rights of citizens. They have made an outstanding effort to document war crimes, human right abuses and the abuse of power. Together they demonstrate the significance of civil society for peace and democracy.",,received,2022-10-07,10000000,11162900,https://www.nobelprize.org/laureate/1019,https://www.nobelprize.org/prizes/peace/2022/summary/,https://en.wikipedia.org/wiki/Memorial_(society),https://www.wikidata.org/wiki/Q851563,https://api.nobelprize.org/2/laureate/1019
1020,2022,Paz,organization,Center for Civil Liberties,,,,2007-00-00,,Kyiv,Ukraine,Europe,1/3,3,"The Peace Prize laureates represent civil society in their home countries. They have for many years promoted the right to criticise power and protect the fundamental rights of citizens. They have made an outstanding effort to document war crimes, human right abuses and the abuse of power. Together they demonstrate the significance of civil society for peace and democracy.",,received,2022-10-07,10000000,11162900,https://www.nobelprize.org/laureate/1020,https://www.nobelprize.org/prizes/peace/2022/summary/,https://en.wikipedia.org/wiki/The_Center_for_Civil_Liberties,https://www.wikidata.org/wiki/Q114452906,https://api.nobelprize.org/2/laureate/1020
1017,2022,Literatura,person,Annie Ernaux,Annie,Ernaux,female,1940-09-01,,Lillebonne,France,Europe,1,1,"for the courage and clinical acuity with which she uncovers the roots, estrangements and  collective restraints of personal memory",,received,2022-10-06,10000000,11162900,https://www.nobelprize.org/laureate/1017,https://www.nobelprize.org/prizes/literature/2022/summary/,https://en.wikipedia.org/wiki/Annie_Ernaux,https://www.wikidata.org/wiki/Q1153825,https://api.nobelprize.org/2/laureate/1017
999,2021,Física,person,Syukuro Manabe,Syukuro,Manabe,male,1931-09-21,,"Shingu, Ehime",Japan,Asia,1/4,1,"for the physical modelling of Earth’s climate, quantifying variability and reliably predicting global warming","Princeton University — Princeton, NJ, USA",received,2021-10-05,10000000,12096939,https://www.nobelprize.org/laureate/999,https://www.nobelprize.org/prizes/physics/2021/summary/,https://en.wikipedia.org/wiki/Syukuro_Manabe,https://www.wikidata.org/wiki/Q3675789,https://api.nobelprize.org/2/laureate/999
1000,2021,Física,person,Klaus Hasselmann,Klaus,Hasselmann,male,1931-10-25,,Hamburg,Germany,Europe,1/4,2,"for the physical modelling of Earth’s climate, quantifying variability and reliably predicting global warming","Max Planck Institute for Meteorology — Hamburg, Germany",received,2021-10-05,10000000,12096939,https://www.nobelprize.org/laureate/1000,https://www.nobelprize.org/prizes/physics/2021/summary/,https://en.wikipedia.org/wiki/Klaus_Hasselmann,https://www.wikidata.org/wiki/Q109370,https://api.nobelprize.org/2/laureate/1000
1001,2021,Física,person,Giorgio Parisi,Giorgio,Parisi,male,1948-08-04,,Rome,Italy,Europe,1/2,3,for the discovery of the interplay of disorder and fluctuations in physical systems from atomic to planetary scales,"Sapienza University of Rome — Rome, Italy",received,2021-10-05,10000000,12096939,https://www.nobelprize.org/laureate/1001,https://www.nobelprize.org/prizes/physics/2021/summary/,https://en.wikipedia.org/wiki/Giorgio_Parisi,https://www.wikidata.org/wiki/Q1235614,https://api.nobelprize.org/2/laureate/1001
1002,2021,Química,person,Benjamin List,Benjamin,List,male,1968-01-11,,Frankfurt-on-the-Main,Germany,Europe,1/2,1,for the development of asymmetric organocatalysis,"Max-Planck-Institut für Kohlenforschung — Mülheim an der Ruhr, Germany",received,2021-10-06,10000000,12096939,https://www.nobelprize.org/laureate/1002,https://www.nobelprize.org/prizes/chemistry/2021/summary/,https://en.wikipedia.org/wiki/Benjamin_List,https://www.wikidata.org/wiki/Q105572,https://api.nobelprize.org/2/laureate/1002
1003,2021,Química,person,David W.C. MacMillan,David,MacMillan,male,1968-03-16,,Bellshill,United Kingdom,Europe,1/2,2,for the development of asymmetric organocatalysis,"Princeton University — Princeton, NJ, USA",received,2021-10-06,10000000,12096939,https://www.nobelprize.org/laureate/1003,https://www.nobelprize.org/prizes/chemistry/2021/summary/,https://en.wikipedia.org/wiki/David_MacMillan,https://www.wikidata.org/wiki/Q5237001,https://api.nobelprize.org/2/laureate/1003
997,2021,Medicina,person,David Julius,David,Julius,male,1955-11-04,,"New York, NY",USA,North America,1/2,1,for their discoveries of receptors for temperature and touch,"University of California — San Francisco, CA, USA",received,2021-10-04,10000000,12096939,https://www.nobelprize.org/laureate/997,https://www.nobelprize.org/prizes/medicine/2021/summary/,https://en.wikipedia.org/wiki/David_Julius,https://www.wikidata.org/wiki/Q1174906,https://api.nobelprize.org/2/laureate/997
998,2021,Medicina,person,Ardem Patapoutian,Ardem,Patapoutian,male,1967-00-00,,Beirut,Lebanon,Asia,1/2,2,for their discoveries of receptors for temperature and touch,"Scripps Research — La Jolla, CA, USA | Howard Hughes Medical Institute — USA",received,2021-10-04,10000000,12096939,https://www.nobelprize.org/laureate/998,https://www.nobelprize.org/prizes/medicine/2021/summary/,https://en.wikipedia.org/wiki/Ardem_Patapoutian,https://www.wikidata.org/wiki/Q60322501,https://api.nobelprize.org/2/laureate/998
1007,2021,Ciencias Económicas,person,David Card,David,Card,male,1956-00-00,,Guelph,Canada,North America,1/2,1,for his empirical contributions to labour economics,"University of California — Berkeley, CA, USA",received,2021-10-11,10000000,12096939,https://www.nobelprize.org/laureate/1007,https://www.nobelprize.org/prizes/economic-sciences/2021/summary/,https://en.wikipedia.org/wiki/David_Card,https://www.wikidata.org/wiki/Q1173928,https://api.nobelprize.org/2/laureate/1007
1008,2021,Ciencias Económicas,person,Joshua D. Angrist,Joshua,Angrist,male,1960-09-18,,"Columbus, OH",USA,North America,1/4,2,for their methodological contributions to the analysis of causal relationships,"Massachusetts Institute of Technology (MIT) — Cambridge, MA, USA",received,2021-10-11,10000000,12096939,https://www.nobelprize.org/laureate/1008,https://www.nobelprize.org/prizes/economic-sciences/2021/summary/,https://en.wikipedia.org/wiki/Joshua_Angrist,https://www.wikidata.org/wiki/Q921499,https://api.nobelprize.org/2/laureate/1008
1009,2021,Ciencias Económicas,person,Guido W. Imbens,Guido,Imbens,male,1963-09-03,,Geldrop,the Netherlands,Europe,1/4,3,for their methodological contributions to the analysis of causal relationships,"Stanford University — Stanford, CA, USA",received,2021-10-11,10000000,12096939,https://www.nobelprize.org/laureate/1009,https://www.nobelprize.org/prizes/economic-sciences/2021/summary/,https://en.wikipedia.org/wiki/Guido_Imbens,https://www.wikidata.org/wiki/Q16730042,https://api.nobelprize.org/2/laureate/1009
1005,2021,Paz,person,Maria Ressa,Maria,Ressa,female,1963-10-02,,Manila,Philippines,Asia,1/2,1,"for their efforts to safeguard freedom of expression, which is a precondition for democracy and lasting peace",,received,2021-10-08,10000000,12096939,https://www.nobelprize.org/laureate/1005,https://www.nobelprize.org/prizes/peace/2021/summary/,https://en.wikipedia.org/wiki/Maria_Ressa,https://www.wikidata.org/wiki/Q6761526,https://api.nobelprize.org/2/laureate/1005
1006,2021,Paz,person,Dmitry Muratov,Dmitry,Muratov,male,1961-10-29,,Kubyshev,USSR,Europe,1/2,2,"for their efforts to safeguard freedom of expression, which is a precondition for democracy and lasting peace",,received,2021-10-08,10000000,12096939,https://www.nobelprize.org/laureate/1006,https://www.nobelprize.org/prizes/peace/2021/summary/,https://en.wikipedia.org/wiki/Dmitry_Muratov,https://www.wikidata.org/wiki/Q1823418,https://api.nobelprize.org/2/laureate/1006
1004,2021,Literatura,person,Abdulrazak Gurnah,Abdulrazak,Gurnah,male,1948-00-00,,,,,1,1,for his uncompromising and compassionate penetration of the effects of colonialism and the fate of the refugee in the gulf between cultures and continents,,received,2021-10-07,10000000,12096939,https://www.nobelprize.org/laureate/1004,https://www.nobelprize.org/prizes/literature/2021/summary/,https://en.wikipedia.org/wiki/Abdulrazak_Gurnah,https://www.wikidata.org/wiki/Q317877,https://api.nobelprize.org/2/laureate/1004
988,2020,Física,person,Roger Penrose,Roger,Penrose,male,1931-08-08,,Colchester,United Kingdom,Europe,1/2,1,for the discovery that black hole formation is a robust prediction of the general theory of relativity,"University of Oxford — Oxford, United Kingdom",received,2020-10-06,10000000,12361835,https://www.nobelprize.org/laureate/988,https://www.nobelprize.org/prizes/physics/2020/summary/,https://en.wikipedia.org/wiki/Roger_Penrose,https://www.wikidata.org/wiki/Q193803,https://api.nobelprize.org/2/laureate/988
989,2020,Física,person,Reinhard Genzel,Reinhard,Genzel,male,1952-03-24,,Bad Homburg vor der Höhe,Germany,Europe,1/4,2,for the discovery of a supermassive compact object at the centre of our galaxy,"Max Planck Institute for Extraterrestrial Physics — Garching, Germany | University of California — Berkeley, CA, USA",received,2020-10-06,10000000,12361835,https://www.nobelprize.org/laureate/989,https://www.nobelprize.org/prizes/physics/2020/summary/,https://en.wikipedia.org/wiki/Reinhard_Genzel,https://www.wikidata.org/wiki/Q65807,https://api.nobelprize.org/2/laureate/989
990,2020,Física,person,Andrea Ghez,Andrea,Ghez,female,1965-06-16,,"New York, NY",USA,North America,1/4,3,for the discovery of a supermassive compact object at the centre of our galaxy,"University of California — Los Angeles, CA, USA",received,2020-10-06,10000000,12361835,https://www.nobelprize.org/laureate/990,https://www.nobelprize.org/prizes/physics/2020/summary/,https://en.wikipedia.org/wiki/Andrea_M._Ghez,https://www.wikidata.org/wiki/Q493956,https://api.nobelprize.org/2/laureate/990
991,2020,Química,person,Emmanuelle Charpentier,Emmanuelle,Charpentier,female,1968-12-11,,Juvisy-sur-Orge,France,Europe,1/2,1,for the development of a method for genome editing,"Max Planck Unit for the Science of Pathogens — Berlin, Germany",received,2020-10-07,10000000,12361835,https://www.nobelprize.org/laureate/991,https://www.nobelprize.org/prizes/chemistry/2020/summary/,https://en.wikipedia.org/wiki/Emmanuelle_Charpentier,https://www.wikidata.org/wiki/Q17280087,https://api.nobelprize.org/2/laureate/991
992,2020,Química,person,Jennifer A. Doudna,Jennifer A.,Doudna,female,1964-02-19,,"Washington, D.C.",USA,North America,1/2,2,for the development of a method for genome editing,"University of California — Berkeley, CA, USA",received,2020-10-07,10000000,12361835,https://www.nobelprize.org/laureate/992,https://www.nobelprize.org/prizes/chemistry/2020/summary/,https://en.wikipedia.org/wiki/Jennifer_Doudna,https://www.wikidata.org/wiki/Q56068,https://api.nobelprize.org/2/laureate/992
985,2020,Medicina,person,Harvey J. Alter,Harvey,Alter,male,1935-09-12,,"New York, NY",USA,North America,1/3,1,for the discovery of Hepatitis C virus,"National Institutes of Health — Bethesda, MD, USA",received,2020-10-05,10000000,12361835,https://www.nobelprize.org/laureate/985,https://www.nobelprize.org/prizes/medicine/2020/summary/,https://en.wikipedia.org/wiki/Harvey_J._Alter,https://www.wikidata.org/wiki/Q5677307,https://api.nobelprize.org/2/laureate/985
986,2020,Medicina,person,Michael Houghton,Michael,Houghton,male,1949-00-00,,,United Kingdom,Europe,1/3,2,for the discovery of Hepatitis C virus,"University of Alberta — Edmonton, Canada",received,2020-10-05,10000000,12361835,https://www.nobelprize.org/laureate/986,https://www.nobelprize.org/prizes/medicine/2020/summary/,https://en.wikipedia.org/wiki/Michael_Houghton_(virologist),https://www.wikidata.org/wiki/Q1927895,https://api.nobelprize.org/2/laureate/986
987,2020,Medicina,person,Charles M. Rice,Charles,Rice,male,1952-08-25,,"Sacramento, CA",USA,North America,1/3,3,for the discovery of Hepatitis C virus,"Rockefeller University — New York, NY, USA",received,2020-10-05,10000000,12361835,https://www.nobelprize.org/laureate/987,https://www.nobelprize.org/prizes/medicine/2020/summary/,https://en.wikipedia.org/wiki/Charles_M._Rice,https://www.wikidata.org/wiki/Q22669757,https://api.nobelprize.org/2/laureate/987
995,2020,Ciencias Económicas,person,Paul R. Milgrom,Paul,Milgrom,male,1948-04-20,,"Detroit, MI",USA,North America,1/2,1,for improvements to auction theory and inventions of new auction formats,"Stanford University — Stanford, CA, USA",received,2020-10-12,10000000,12361835,https://www.nobelprize.org/laureate/995,https://www.nobelprize.org/prizes/economic-sciences/2020/summary/,https://en.wikipedia.org/wiki/Paul_Milgrom,https://www.wikidata.org/wiki/Q1359990,https://api.nobelprize.org/2/laureate/995
996,2020,Ciencias Económicas,person,Robert B. Wilson,Robert,Wilson,male,1937-05-16,,"Geneva, NE",USA,North America,1/2,2,for improvements to auction theory and inventions of new auction formats,"Stanford University — Stanford, CA, USA",received,2020-10-12,10000000,12361835,https://www.nobelprize.org/laureate/996,https://www.nobelprize.org/prizes/economic-sciences/2020/summary/,https://en.wikipedia.org/wiki/Robert_B._Wilson,https://www.wikidata.org/wiki/Q377265,https://api.nobelprize.org/2/laureate/996
994,2020,Paz,organization,World Food Programme,,,,1961-00-00,,,,,1,1,"for its efforts to combat hunger, for its contribution to bettering conditions for peace in conflict-affected areas and for acting as a driving force in efforts to prevent the use of hunger as a weapon of war and conflict",,received,2020-10-09,10000000,12361835,https://www.nobelprize.org/laureate/994,https://www.nobelprize.org/prizes/peace/2020/summary/,https://en.wikipedia.org/wiki/World_Food_Programme,https://www.wikidata.org/wiki/Q204344,https://api.nobelprize.org/2/laureate/994
993,2020,Literatura,person,Louise Glück,Louise,Glück,female,1943-04-22,2023-10-13,"New York, NY",USA,North America,1,1,for her unmistakable poetic voice that with austere beauty makes individual existence universal,,received,2020-10-08,10000000,12361835,https://www.nobelprize.org/laureate/993,https://www.nobelprize.org/prizes/literature/2020/summary/,https://en.wikipedia.org/wiki/Louise_Glück,https://www.wikidata.org/wiki/Q2344210,https://api.nobelprize.org/2/laureate/993
973,2019,Física,person,James Peebles,James,Peebles,male,1935-04-25,,Winnipeg,Canada,North America,1/2,1,for theoretical discoveries in physical cosmology,"Princeton University — Princeton, NJ, USA",received,2019-10-08,9000000,11178104,https://www.nobelprize.org/laureate/973,https://www.nobelprize.org/prizes/physics/2019/summary/,https://en.wikipedia.org/wiki/Jim_Peebles,https://www.wikidata.org/wiki/Q728331,https://api.nobelprize.org/2/laureate/973
974,2019,Física,person,Michel Mayor,Michel,Mayor,male,1942-01-12,,Lausanne,Switzerland,Europe,1/4,2,for the discovery of an exoplanet orbiting a solar-type star,"University of Geneva — Geneva, Switzerland",received,2019-10-08,9000000,11178104,https://www.nobelprize.org/laureate/974,https://www.nobelprize.org/prizes/physics/2019/summary/,https://en.wikipedia.org/wiki/Michel_Mayor,https://www.wikidata.org/wiki/Q123975,https://api.nobelprize.org/2/laureate/974
975,2019,Física,person,Didier Queloz,Didier,Queloz,male,1966-02-23,,Geneva,Switzerland,Europe,1/4,3,for the discovery of an exoplanet orbiting a solar-type star,"University of Geneva — Geneva, Switzerland | University of Cambridge — Cambridge, United Kingdom",received,2019-10-08,9000000,11178104,https://www.nobelprize.org/laureate/975,https://www.nobelprize.org/prizes/physics/2019/summary/,https://en.wikipedia.org/wiki/Didier_Queloz,https://www.wikidata.org/wiki/Q124013,https://api.nobelprize.org/2/laureate/975
976,2019,Química,person,John B. Goodenough,John,Goodenough,male,1922-07-25,2023-06-25,Jena,Germany,Europe,1/3,1,for the development of lithium-ion batteries,"University of Texas — Austin, TX, USA",received,2019-10-09,9000000,11178104,https://www.nobelprize.org/laureate/976,https://www.nobelprize.org/prizes/chemistry/2019/summary/,https://en.wikipedia.org/wiki/John_B._Goodenough,https://www.wikidata.org/wiki/Q906529,https://api.nobelprize.org/2/laureate/976
977,2019,Química,person,M. Stanley Whittingham,M. Stanley,Whittingham,male,1941-12-22,,,United Kingdom,Europe,1/3,2,for the development of lithium-ion batteries,"Binghamton University, State University of New York — New York, NY, USA",received,2019-10-09,9000000,11178104,https://www.nobelprize.org/laureate/977,https://www.nobelprize.org/prizes/chemistry/2019/summary/,https://en.wikipedia.org/wiki/M._Stanley_Whittingham,https://www.wikidata.org/wiki/Q285062,https://api.nobelprize.org/2/laureate/977
978,2019,Química,person,Akira Yoshino,Akira,Yoshino,male,1948-01-30,,Suita,Japan,Asia,1/3,3,for the development of lithium-ion batteries,"Asahi Kasei Corporation — Tokyo, Japan | Meijo University — Nagoya, Japan",received,2019-10-09,9000000,11178104,https://www.nobelprize.org/laureate/978,https://www.nobelprize.org/prizes/chemistry/2019/summary/,https://en.wikipedia.org/wiki/Akira_Yoshino,https://www.wikidata.org/wiki/Q4701206,https://api.nobelprize.org/2/laureate/978
970,2019,Medicina,person,William G. Kaelin Jr,William,Kaelin,male,1957-11-23,,"New York, NY",USA,North America,1/3,1,for their discoveries of how cells sense and adapt to oxygen availability,"Harvard Medical School — Boston, MA, USA | Howard Hughes Medical Institute — Chevy Chase, MD, USA | Dana-Farber Cancer Institute — Boston, MA, USA | Brigham and Women's Hospital — Boston, MA, USA",received,2019-10-07,9000000,11178104,https://www.nobelprize.org/laureate/970,https://www.nobelprize.org/prizes/medicine/2019/summary/,https://en.wikipedia.org/wiki/William_Kaelin_Jr.,https://www.wikidata.org/wiki/Q1603351,https://api.nobelprize.org/2/laureate/970
971,2019,Medicina,person,Sir Peter J. Ratcliffe,Peter,Ratcliffe,male,1954-05-14,,Lancashire,United Kingdom,Europe,1/3,2,for their discoveries of how cells sense and adapt to oxygen availability,"University of Oxford — Oxford, United Kingdom | Francis Crick Institute — London, United Kingdom",received,2019-10-07,9000000,11178104,https://www.nobelprize.org/laureate/971,https://www.nobelprize.org/prizes/medicine/2019/summary/,https://en.wikipedia.org/wiki/Peter_J._Ratcliffe,https://www.wikidata.org/wiki/Q2075967,https://api.nobelprize.org/2/laureate/971
972,2019,Medicina,person,Gregg L. Semenza,Gregg,Semenza,male,1956-07-12,,"New York, NY",USA,North America,1/3,3,for their discoveries of how cells sense and adapt to oxygen availability,"Johns Hopkins University — Baltimore, MD, USA",received,2019-10-07,9000000,11178104,https://www.nobelprize.org/laureate/972,https://www.nobelprize.org/prizes/medicine/2019/summary/,https://en.wikipedia.org/wiki/Gregg_L._Semenza,https://www.wikidata.org/wiki/Q1545025,https://api.nobelprize.org/2/laureate/972
982,2019,Ciencias Económicas,person,Abhijit Banerjee,Abhijit,Banerjee,male,1961-02-21,,Mumbai,India,Asia,1/3,1,for their experimental approach to alleviating global poverty,"Massachusetts Institute of Technology (MIT) — Cambridge, MA, USA",received,2019-10-14,9000000,11178104,https://www.nobelprize.org/laureate/982,https://www.nobelprize.org/prizes/economic-sciences/2019/summary/,https://en.wikipedia.org/wiki/Abhijit_Banerjee,https://www.wikidata.org/wiki/Q320578,https://api.nobelprize.org/2/laureate/982
983,2019,Ciencias Económicas,person,Esther Duflo,Esther,Duflo,female,1972-10-25,,Paris,France,Europe,1/3,2,for their experimental approach to alleviating global poverty,"Massachusetts Institute of Technology (MIT) — Cambridge, MA, USA",received,2019-10-14,9000000,11178104,https://www.nobelprize.org/laureate/983,https://www.nobelprize.org/prizes/economic-sciences/2019/summary/,https://en.wikipedia.org/wiki/Esther_Duflo,https://www.wikidata.org/wiki/Q434509,https://api.nobelprize.org/2/laureate/983
984,2019,Ciencias Económicas,person,Michael Kremer,Michael,Kremer,male,1964-11-12,,"New York, NY",USA,North America,1/3,3,for their experimental approach to alleviating global poverty,"Harvard University — Cambridge, MA, USA",received,2019-10-14,9000000,11178104,https://www.nobelprize.org/laureate/984,https://www.nobelprize.org/prizes/economic-sciences/2019/summary/,https://en.wikipedia.org/wiki/Michael_Kremer,https://www.wikidata.org/wiki/Q1635006,https://api.nobelprize.org/2/laureate/984
981,2019,Paz,person,Abiy Ahmed Ali,Abiy,Ahmed Ali,male,1976-08-15,,Beshasha,Ethiopia,Africa,1,1,"for his efforts to achieve peace and international cooperation, and in particular for his decisive initiative to resolve the border conflict with neighbouring Eritrea",,received,2019-10-11,9000000,11178104,https://www.nobelprize.org/laureate/981,https://www.nobelprize.org/prizes/peace/2019/summary/,https://en.wikipedia.org/wiki/Abiy_Ahmed,https://www.wikidata.org/wiki/Q50365049,https://api.nobelprize.org/2/laureate/981
980,2019,Literatura,person,Peter Handke,Peter,Handke,male,1942-12-06,,Griffen,Austria,Europe,1,1,for an influential work that with linguistic ingenuity has explored the periphery and the specificity of human experience,,received,2019-10-10,9000000,11178104,https://www.nobelprize.org/laureate/980,https://www.nobelprize.org/prizes/literature/2019/summary/,https://en.wikipedia.org/wiki/Peter_Handke,https://www.wikidata.org/wiki/Q44107,https://api.nobelprize.org/2/laureate/980
960,2018,Física,person,Arthur Ashkin,Arthur,Ashkin,male,1922-09-02,2020-09-21,"New York, NY",USA,North America,1/2,1,for the optical tweezers and their application to biological systems,"Bell Laboratories — Holmdel, NJ, USA",received,2018-10-02,9000000,11380800,https://www.nobelprize.org/laureate/960,https://www.nobelprize.org/prizes/physics/2018/summary/,https://en.wikipedia.org/wiki/Arthur_Ashkin,https://www.wikidata.org/wiki/Q708472,https://api.nobelprize.org/2/laureate/960
961,2018,Física,person,Gérard Mourou,Gérard,Mourou,male,1944-06-22,,Albertville,France,Europe,1/4,2,"for their method of generating high-intensity, ultra-short optical pulses","École Polytechnique — Palaiseau, France | University of Michigan — Ann Arbor, MI, USA",received,2018-10-02,9000000,11380800,https://www.nobelprize.org/laureate/961,https://www.nobelprize.org/prizes/physics/2018/summary/,https://en.wikipedia.org/wiki/Gérard_Mourou,https://www.wikidata.org/wiki/Q556543,https://api.nobelprize.org/2/laureate/961
962,2018,Física,person,Donna Strickland,Donna,Strickland,female,1959-05-27,,Guelph,Canada,North America,1/4,3,"for their method of generating high-intensity, ultra-short optical pulses","University of Waterloo — Waterloo, Canada",received,2018-10-02,9000000,11380800,https://www.nobelprize.org/laureate/962,https://www.nobelprize.org/prizes/physics/2018/summary/,https://en.wikipedia.org/wiki/Donna_Strickland,https://www.wikidata.org/wiki/Q56855591,https://api.nobelprize.org/2/laureate/962
963,2018,Química,person,Frances H. Arnold,Frances H.,Arnold,female,1956-07-25,,"Pittsburgh, PA",USA,North America,1/2,1,for the directed evolution of enzymes,"California Institute of Technology (Caltech) — Pasadena, CA, USA",received,2018-10-03,9000000,11380800,https://www.nobelprize.org/laureate/963,https://www.nobelprize.org/prizes/chemistry/2018/summary/,https://en.wikipedia.org/wiki/Frances_Arnold,https://www.wikidata.org/wiki/Q4273363,https://api.nobelprize.org/2/laureate/963
964,2018,Química,person,George P. Smith,George P.,Smith,male,1941-03-10,,"Norwalk, CT",USA,North America,1/4,2,for the phage display of peptides and antibodies,"University of Missouri — Columbia, USA",received,2018-10-03,9000000,11380800,https://www.nobelprize.org/laureate/964,https://www.nobelprize.org/prizes/chemistry/2018/summary/,https://en.wikipedia.org/wiki/George_Smith_(chemist),https://www.wikidata.org/wiki/Q56868017,https://api.nobelprize.org/2/laureate/964
965,2018,Química,person,Sir Gregory P. Winter,Sir Gregory P.,Winter,male,1951-04-14,,Leicester,United Kingdom,Europe,1/4,3,for the phage display of peptides and antibodies,"MRC Laboratory of Molecular Biology — Cambridge, United Kingdom",received,2018-10-03,9000000,11380800,https://www.nobelprize.org/laureate/965,https://www.nobelprize.org/prizes/chemistry/2018/summary/,https://en.wikipedia.org/wiki/Gregory_Winter,https://www.wikidata.org/wiki/Q1545000,https://api.nobelprize.org/2/laureate/965
958,2018,Medicina,person,James P. Allison,James P.,Allison,male,1948-08-07,,"Alice, TX",USA,North America,1/2,1,for their discovery of cancer therapy by inhibition of negative immune regulation,"Parker Institute for Cancer Immunotherapy — San Francisco, CA, USA | University of Texas MD Anderson Cancer Center — Houston, TX, USA",received,2018-10-01,9000000,11380800,https://www.nobelprize.org/laureate/958,https://www.nobelprize.org/prizes/medicine/2018/summary/,https://en.wikipedia.org/wiki/James_P._Allison,https://www.wikidata.org/wiki/Q6140731,https://api.nobelprize.org/2/laureate/958
959,2018,Medicina,person,Tasuku Honjo,Tasuku,Honjo,male,1942-01-27,,Kyoto,Japan,Asia,1/2,2,for their discovery of cancer therapy by inhibition of negative immune regulation,"Kyoto University — Kyoto, Japan",received,2018-10-01,9000000,11380800,https://www.nobelprize.org/laureate/959,https://www.nobelprize.org/prizes/medicine/2018/summary/,https://en.wikipedia.org/wiki/Tasuku_Honjo,https://www.wikidata.org/wiki/Q2395341,https://api.nobelprize.org/2/laureate/959
968,2018,Ciencias Económicas,person,William D. Nordhaus,William D.,Nordhaus,male,1941-05-31,,"Albuquerque, NM",USA,North America,1/2,1,for integrating climate change into long-run macroeconomic analysis,"Yale University — New Haven, CT, USA",received,2018-10-01,9000000,11380800,https://www.nobelprize.org/laureate/968,https://www.nobelprize.org/prizes/economic-sciences/2018/summary/,https://en.wikipedia.org/wiki/William_Nordhaus,https://www.wikidata.org/wiki/Q562481,https://api.nobelprize.org/2/laureate/968
969,2018,Ciencias Económicas,person,Paul M. Romer,Paul M.,Romer,male,1955-00-00,,"Denver, CO",USA,North America,1/2,2,for integrating technological innovations into long-run macroeconomic analysis,"NYU Stern School of Business — New York, NY, USA",received,2018-10-01,9000000,11380800,https://www.nobelprize.org/laureate/969,https://www.nobelprize.org/prizes/economic-sciences/2018/summary/,https://en.wikipedia.org/wiki/Paul_Romer,https://www.wikidata.org/wiki/Q509262,https://api.nobelprize.org/2/laureate/969
966,2018,Paz,person,Denis Mukwege,Denis,Mukwege,male,1955-03-01,,Bukavu,Belgian Congo,Africa,1/2,1,for their efforts to end the use of sexual violence as a weapon of war and armed conflict,,received,2018-10-05,9000000,11380800,https://www.nobelprize.org/laureate/966,https://www.nobelprize.org/prizes/peace/2018/summary/,https://en.wikipedia.org/wiki/Denis_Mukwege,https://www.wikidata.org/wiki/Q1187542,https://api.nobelprize.org/2/laureate/966
967,2018,Paz,person,Nadia Murad,Nadia,Murad,female,1993-03-10,,Kojo,Iraq,Asia,1/2,2,for their efforts to end the use of sexual violence as a weapon of war and armed conflict,,received,2018-10-05,9000000,11380800,https://www.nobelprize.org/laureate/967,https://www.nobelprize.org/prizes/peace/2018/summary/,https://en.wikipedia.org/wiki/Nadia_Murad,https://www.wikidata.org/wiki/Q22007112,https://api.nobelprize.org/2/laureate/967
979,2018,Literatura,person,Olga Tokarczuk,Olga,Tokarczuk,female,1962-01-29,,Sulechów,Poland,Europe,1,1,for a narrative imagination that with encyclopedic passion represents the crossing of boundaries as a form of life,,received,2019-10-10,9000000,11178104,https://www.nobelprize.org/laureate/979,https://www.nobelprize.org/prizes/literature/2018/summary/,https://en.wikipedia.org/wiki/Olga_Tokarczuk,https://www.wikidata.org/wiki/Q254032,https://api.nobelprize.org/2/laureate/979
941,2017,Física,person,Rainer Weiss,Rainer,Weiss,male,1932-09-29,2025-08-25,Berlin,Germany,Europe,1/2,1,for decisive contributions to the LIGO detector and the observation of gravitational waves,"LIGO/VIRGO Collaboration | Massachusetts Institute of Technology (MIT) — Cambridge, MA, USA",received,2017-10-03,9000000,11603589,https://www.nobelprize.org/laureate/941,https://www.nobelprize.org/prizes/physics/2017/summary/,https://en.wikipedia.org/wiki/Rainer_Weiss,https://www.wikidata.org/wiki/Q2128461,https://api.nobelprize.org/2/laureate/941
942,2017,Física,person,Barry C. Barish,Barry C.,Barish,male,1936-01-27,,"Omaha, NE",USA,North America,1/4,2,for decisive contributions to the LIGO detector and the observation of gravitational waves,"LIGO/VIRGO Collaboration | California Institute of Technology (Caltech) — Pasadena, CA, USA",received,2017-10-03,9000000,11603589,https://www.nobelprize.org/laureate/942,https://www.nobelprize.org/prizes/physics/2017/summary/,https://en.wikipedia.org/wiki/Barry_Barish,https://www.wikidata.org/wiki/Q15900993,https://api.nobelprize.org/2/laureate/942
943,2017,Física,person,Kip S. Thorne,Kip S.,Thorne,male,1940-06-01,,"Logan, UT",USA,North America,1/4,3,for decisive contributions to the LIGO detector and the observation of gravitational waves,"LIGO/VIRGO Collaboration | California Institute of Technology (Caltech) — Pasadena, CA, USA",received,2017-10-03,9000000,11603589,https://www.nobelprize.org/laureate/943,https://www.nobelprize.org/prizes/physics/2017/summary/,https://en.wikipedia.org/wiki/Kip_Thorne,https://www.wikidata.org/wiki/Q323320,https://api.nobelprize.org/2/laureate/943
944,2017,Química,person,Jacques Dubochet,Jacques,Dubochet,male,1942-06-08,,Aigle,Switzerland,Europe,1/3,1,for developing cryo-electron microscopy for the high-resolution structure determination of biomolecules in solution,"University of Lausanne — Lausanne, Switzerland",received,2017-10-04,9000000,11603589,https://www.nobelprize.org/laureate/944,https://www.nobelprize.org/prizes/chemistry/2017/summary/,https://en.wikipedia.org/wiki/Jacques_Dubochet,https://www.wikidata.org/wiki/Q41585344,https://api.nobelprize.org/2/laureate/944
945,2017,Química,person,Joachim Frank,Joachim,Frank,male,1940-09-12,,Siegen,Germany,Europe,1/3,2,for developing cryo-electron microscopy for the high-resolution structure determination of biomolecules in solution,"Columbia University — New York, NY, USA",received,2017-10-04,9000000,11603589,https://www.nobelprize.org/laureate/945,https://www.nobelprize.org/prizes/chemistry/2017/summary/,https://en.wikipedia.org/wiki/Joachim_Frank,https://www.wikidata.org/wiki/Q28833112,https://api.nobelprize.org/2/laureate/945
946,2017,Química,person,Richard Henderson,Richard,Henderson,male,1945-07-19,,Edinburgh,Scotland,Europe,1/3,3,for developing cryo-electron microscopy for the high-resolution structure determination of biomolecules in solution,"MRC Laboratory of Molecular Biology — Cambridge, United Kingdom",received,2017-10-04,9000000,11603589,https://www.nobelprize.org/laureate/946,https://www.nobelprize.org/prizes/chemistry/2017/summary/,https://en.wikipedia.org/wiki/Richard_Henderson_(biologist),https://www.wikidata.org/wiki/Q1678456,https://api.nobelprize.org/2/laureate/946
938,2017,Medicina,person,Jeffrey C. Hall,Jeffrey C.,Hall,male,1945-05-03,,"New York, NY",USA,North America,1/3,1,for their discoveries of molecular mechanisms controlling the circadian rhythm,"University of Maine — Maine, ME, USA",received,2017-10-02,9000000,11603589,https://www.nobelprize.org/laureate/938,https://www.nobelprize.org/prizes/medicine/2017/summary/,https://en.wikipedia.org/wiki/Jeffrey_C._Hall,https://www.wikidata.org/wiki/Q1686435,https://api.nobelprize.org/2/laureate/938
939,2017,Medicina,person,Michael Rosbash,Michael,Rosbash,male,1944-03-07,,"Kansas City, MO",USA,North America,1/3,2,for their discoveries of molecular mechanisms controlling the circadian rhythm,"Brandeis University — Waltham, MA, USA | Howard Hughes Medical Institute — USA",received,2017-10-02,9000000,11603589,https://www.nobelprize.org/laureate/939,https://www.nobelprize.org/prizes/medicine/2017/summary/,https://en.wikipedia.org/wiki/Michael_Rosbash,https://www.wikidata.org/wiki/Q1297741,https://api.nobelprize.org/2/laureate/939
940,2017,Medicina,person,Michael W. Young,Michael W.,Young,male,1949-03-28,,"Miami, FL",USA,North America,1/3,3,for their discoveries of molecular mechanisms controlling the circadian rhythm,"Rockefeller University — New York, NY, USA",received,2017-10-02,9000000,11603589,https://www.nobelprize.org/laureate/940,https://www.nobelprize.org/prizes/medicine/2017/summary/,https://en.wikipedia.org/wiki/Michael_W._Young,https://www.wikidata.org/wiki/Q1929672,https://api.nobelprize.org/2/laureate/940
949,2017,Ciencias Económicas,person,Richard H. Thaler,Richard H.,Thaler,male,1945-09-12,,"East Orange, NJ",USA,North America,1,1,for his contributions to behavioural economics,"University of Chicago — Chicago, IL, USA",received,2017-10-09,9000000,11603589,https://www.nobelprize.org/laureate/949,https://www.nobelprize.org/prizes/economic-sciences/2017/summary/,https://en.wikipedia.org/wiki/Richard_Thaler,https://www.wikidata.org/wiki/Q371212,https://api.nobelprize.org/2/laureate/949
948,2017,Paz,organization,International Campaign to Abolish Nuclear Weapons,,,,2007-00-00,,,Australia,Oceania,1,1,for its work to draw attention to the catastrophic humanitarian consequences of any use of nuclear weapons and for its ground-breaking efforts to achieve a treaty-based prohibition of such weapons,,received,2017-10-06,9000000,11603589,https://www.nobelprize.org/laureate/948,https://www.nobelprize.org/prizes/peace/2017/summary/,https://en.wikipedia.org/wiki/International_Campaign_to_Abolish_Nuclear_Weapons,https://www.wikidata.org/wiki/Q547940,https://api.nobelprize.org/2/laureate/948
947,2017,Literatura,person,Kazuo Ishiguro,Kazuo,Ishiguro,male,1954-11-08,,Nagasaki,Japan,Asia,1,1,"who, in novels of great emotional force, has uncovered the abyss beneath our illusory sense of connection with the world",,received,2017-10-05,9000000,11603589,https://www.nobelprize.org/laureate/947,https://www.nobelprize.org/prizes/literature/2017/summary/,https://en.wikipedia.org/wiki/Kazuo_Ishiguro,https://www.wikidata.org/wiki/Q272855,https://api.nobelprize.org/2/laureate/947
928,2016,Física,person,David J. Thouless,David J.,Thouless,male,1934-09-21,2019-04-06,Bearsden,United Kingdom,Europe,1/2,1,for theoretical discoveries of topological phase transitions and topological phases of matter,"University of Washington — Seattle, WA, USA",received,2016-10-04,8000000,10496956,https://www.nobelprize.org/laureate/928,https://www.nobelprize.org/prizes/physics/2016/summary/,https://en.wikipedia.org/wiki/David_J._Thouless,https://www.wikidata.org/wiki/Q726394,https://api.nobelprize.org/2/laureate/928
929,2016,Física,person,F. Duncan M. Haldane,F. Duncan M.,Haldane,male,1951-09-14,,London,United Kingdom,Europe,1/4,2,for theoretical discoveries of topological phase transitions and topological phases of matter,"Princeton University — Princeton, NJ, USA",received,2016-10-04,8000000,10496956,https://www.nobelprize.org/laureate/929,https://www.nobelprize.org/prizes/physics/2016/summary/,https://en.wikipedia.org/wiki/Duncan_Haldane,https://www.wikidata.org/wiki/Q1002250,https://api.nobelprize.org/2/laureate/929
930,2016,Física,person,J. Michael Kosterlitz,J. Michael,Kosterlitz,male,1943-06-22,,Aberdeen,United Kingdom,Europe,1/4,3,for theoretical discoveries of topological phase transitions and topological phases of matter,"Brown University — Providence, RI, USA",received,2016-10-04,8000000,10496956,https://www.nobelprize.org/laureate/930,https://www.nobelprize.org/prizes/physics/2016/summary/,https://en.wikipedia.org/wiki/J._Michael_Kosterlitz,https://www.wikidata.org/wiki/Q1700920,https://api.nobelprize.org/2/laureate/930
931,2016,Química,person,Jean-Pierre Sauvage,Jean-Pierre,Sauvage,male,1944-10-21,,Paris,France,Europe,1/3,1,for the design and synthesis of molecular machines,"University of Strasbourg — Strasbourg, France",received,2016-10-05,8000000,10496956,https://www.nobelprize.org/laureate/931,https://www.nobelprize.org/prizes/chemistry/2016/summary/,https://en.wikipedia.org/wiki/Jean-Pierre_Sauvage,https://www.wikidata.org/wiki/Q3169751,https://api.nobelprize.org/2/laureate/931
932,2016,Química,person,Sir J. Fraser Stoddart,Sir J. Fraser,Stoddart,male,1942-05-24,2024-12-30,Edinburgh,United Kingdom,Europe,1/3,2,for the design and synthesis of molecular machines,"Northwestern University — Evanston, IL, USA",received,2016-10-05,8000000,10496956,https://www.nobelprize.org/laureate/932,https://www.nobelprize.org/prizes/chemistry/2016/summary/,https://en.wikipedia.org/wiki/Fraser_Stoddart,https://www.wikidata.org/wiki/Q376243,https://api.nobelprize.org/2/laureate/932
933,2016,Química,person,Bernard L. Feringa,Bernard L.,Feringa,male,1951-05-18,,Barger-Compascuum,the Netherlands,Europe,1/3,3,for the design and synthesis of molecular machines,"University of Groningen — Groningen, the Netherlands",received,2016-10-05,8000000,10496956,https://www.nobelprize.org/laureate/933,https://www.nobelprize.org/prizes/chemistry/2016/summary/,https://en.wikipedia.org/wiki/Ben_Feringa,https://www.wikidata.org/wiki/Q3259614,https://api.nobelprize.org/2/laureate/933
927,2016,Medicina,person,Yoshinori Ohsumi,Yoshinori,Ohsumi,male,1945-02-09,,Fukuoka,Japan,Asia,1,1,for his discoveries of mechanisms for autophagy,"Tokyo Institute of Technology — Tokyo, Japan",received,2016-10-03,8000000,10496956,https://www.nobelprize.org/laureate/927,https://www.nobelprize.org/prizes/medicine/2016/summary/,https://en.wikipedia.org/wiki/Yoshinori_Ohsumi,https://www.wikidata.org/wiki/Q8056214,https://api.nobelprize.org/2/laureate/927
935,2016,Ciencias Económicas,person,Oliver Hart,Oliver,Hart,male,1948-10-09,,London,United Kingdom,Europe,1/2,1,for their contributions to contract theory,"Harvard University — Cambridge, MA, USA",received,2016-10-10,8000000,10496956,https://www.nobelprize.org/laureate/935,https://www.nobelprize.org/prizes/economic-sciences/2016/summary/,https://en.wikipedia.org/wiki/Oliver_Hart_(economist),https://www.wikidata.org/wiki/Q432890,https://api.nobelprize.org/2/laureate/935
936,2016,Ciencias Económicas,person,Bengt Holmström,Bengt,Holmström,male,1949-04-18,,Helsinki,Finland,Europe,1/2,2,for their contributions to contract theory,"Massachusetts Institute of Technology (MIT) — Cambridge, MA, USA",received,2016-10-10,8000000,10496956,https://www.nobelprize.org/laureate/936,https://www.nobelprize.org/prizes/economic-sciences/2016/summary/,https://en.wikipedia.org/wiki/Bengt_Holmström,https://www.wikidata.org/wiki/Q354897,https://api.nobelprize.org/2/laureate/936
934,2016,Paz,person,Juan Manuel Santos,Juan Manuel,Santos,male,1951-08-10,,Bogotá,Colombia,South America,1,1,for his resolute efforts to bring the country's more than 50-year-long civil war to an end,,received,2016-10-07,8000000,10496956,https://www.nobelprize.org/laureate/934,https://www.nobelprize.org/prizes/peace/2016/summary/,https://en.wikipedia.org/wiki/Juan_Manuel_Santos,https://www.wikidata.org/wiki/Q57311,https://api.nobelprize.org/2/laureate/934
937,2016,Literatura,person,Bob Dylan,Bob,Dylan,male,1941-05-24,,"Duluth, MN",USA,North America,1,1,for having created new poetic expressions within the great American song tradition,,received,2016-10-13,8000000,10496956,https://www.nobelprize.org/laureate/937,https://www.nobelprize.org/prizes/literature/2016/summary/,https://en.wikipedia.org/wiki/Bob_Dylan,https://www.wikidata.org/wiki/Q392,https://api.nobelprize.org/2/laureate/937
919,2015,Física,person,Takaaki Kajita,Takaaki,Kajita,male,1959-03-09,,Higashimatsuyama,Japan,Asia,1/2,1,"for the discovery of neutrino oscillations, which shows that neutrinos have mass","University of Tokyo — Kashiwa, Japan",received,2015-10-06,8000000,10602571,https://www.nobelprize.org/laureate/919,https://www.nobelprize.org/prizes/physics/2015/summary/,https://en.wikipedia.org/wiki/Takaaki_Kajita,https://www.wikidata.org/wiki/Q11538917,https://api.nobelprize.org/2/laureate/919
920,2015,Física,person,Arthur B. McDonald,Arthur B.,McDonald,male,1943-08-29,,"Sydney, Nova Scotia",Canada,North America,1/2,2,"for the discovery of neutrino oscillations, which shows that neutrinos have mass","Queen's University — Kingston, Canada",received,2015-10-06,8000000,10602571,https://www.nobelprize.org/laureate/920,https://www.nobelprize.org/prizes/physics/2015/summary/,https://en.wikipedia.org/wiki/Arthur_B._McDonald,https://www.wikidata.org/wiki/Q710597,https://api.nobelprize.org/2/laureate/920
921,2015,Química,person,Tomas Lindahl,Tomas,Lindahl,male,1938-01-28,,Stockholm,Sweden,Europe,1/3,1,for mechanistic studies of DNA repair,"Francis Crick Institute — Hertfordshire, United Kingdom | Clare Hall Laboratory — Hertfordshire, United Kingdom",received,2015-10-07,8000000,10602571,https://www.nobelprize.org/laureate/921,https://www.nobelprize.org/prizes/chemistry/2015/summary/,https://en.wikipedia.org/wiki/Tomas_Lindahl,https://www.wikidata.org/wiki/Q1886068,https://api.nobelprize.org/2/laureate/921
922,2015,Química,person,Paul Modrich,Paul,Modrich,male,1946-06-13,,"Raton, NM",USA,North America,1/3,2,for mechanistic studies of DNA repair,"Howard Hughes Medical Institute — Durham, NC, USA | Duke University School of Medicine — Durham, NC, USA",received,2015-10-07,8000000,10602571,https://www.nobelprize.org/laureate/922,https://www.nobelprize.org/prizes/chemistry/2015/summary/,https://en.wikipedia.org/wiki/Paul_L._Modrich,https://www.wikidata.org/wiki/Q7151888,https://api.nobelprize.org/2/laureate/922
923,2015,Química,person,Aziz Sancar,Aziz,Sancar,male,1946-09-08,,Savur,Turkey,Asia,1/3,3,for mechanistic studies of DNA repair,"University of North Carolina — Chapel Hill, NC, USA",received,2015-10-07,8000000,10602571,https://www.nobelprize.org/laureate/923,https://www.nobelprize.org/prizes/chemistry/2015/summary/,https://en.wikipedia.org/wiki/Aziz_Sancar,https://www.wikidata.org/wiki/Q15118973,https://api.nobelprize.org/2/laureate/923
916,2015,Medicina,person,William C. Campbell,William C.,Campbell,male,1930-06-28,,Ramelton,Ireland,Europe,1/4,1,for their discoveries concerning a novel therapy against infections caused by roundworm parasites,"Drew University — Madison, NJ, USA",received,2015-10-05,8000000,10602571,https://www.nobelprize.org/laureate/916,https://www.nobelprize.org/prizes/medicine/2015/summary/,https://en.wikipedia.org/wiki/William_C._Campbell_(scientist),https://www.wikidata.org/wiki/Q21061212,https://api.nobelprize.org/2/laureate/916
917,2015,Medicina,person,Satoshi Ōmura,Satoshi,Ōmura,male,1935-07-12,,Yamanashi Prefecture,Japan,Asia,1/4,2,for their discoveries concerning a novel therapy against infections caused by roundworm parasites,"Kitasato University — Tokyo, Japan",received,2015-10-05,8000000,10602571,https://www.nobelprize.org/laureate/917,https://www.nobelprize.org/prizes/medicine/2015/summary/,https://en.wikipedia.org/wiki/Satoshi_Ōmura,https://www.wikidata.org/wiki/Q21061207,https://api.nobelprize.org/2/laureate/917
918,2015,Medicina,person,Tu Youyou,Youyou,Tu,female,1930-12-30,,Zhejiang Ningbo,China,Asia,1/2,3,for her discoveries concerning a novel therapy against Malaria,"China Academy of Traditional Chinese Medicine — Beijing, China",received,2015-10-05,8000000,10602571,https://www.nobelprize.org/laureate/918,https://www.nobelprize.org/prizes/medicine/2015/summary/,https://en.wikipedia.org/wiki/Tu_Youyou,https://www.wikidata.org/wiki/Q462843,https://api.nobelprize.org/2/laureate/918
926,2015,Ciencias Económicas,person,Angus Deaton,Angus,Deaton,male,1945-10-19,,Edinburgh,Scotland,Europe,1,1,"for his analysis of consumption, poverty, and welfare","Princeton University — Princeton, NJ, USA",received,2015-10-12,8000000,10602571,https://www.nobelprize.org/laureate/926,https://www.nobelprize.org/prizes/economic-sciences/2015/summary/,https://en.wikipedia.org/wiki/Angus_Deaton,https://www.wikidata.org/wiki/Q204078,https://api.nobelprize.org/2/laureate/926
925,2015,Paz,organization,National Dialogue Quartet,,,,,,,,,1,1,for its decisive contribution to the building of a pluralistic democracy in Tunisia in the wake of the Jasmine Revolution of 2011,,received,2015-10-09,8000000,10602571,https://www.nobelprize.org/laureate/925,https://www.nobelprize.org/prizes/peace/2015/summary/,https://en.wikipedia.org/wiki/Tunisian_National_Dialogue_Quartet,https://www.wikidata.org/wiki/Q21078159,https://api.nobelprize.org/2/laureate/925
924,2015,Literatura,person,Svetlana Alexievich,Svetlana,Alexievich,female,1948-05-31,,Ivano-Frankivsk,Ukraine,Europe,1,1,"for her polyphonic writings, a monument to suffering and courage in our time",,received,2015-10-08,8000000,10602571,https://www.nobelprize.org/laureate/924,https://www.nobelprize.org/prizes/literature/2015/summary/,https://en.wikipedia.org/wiki/Svetlana_Alexievich,https://www.wikidata.org/wiki/Q274334,https://api.nobelprize.org/2/laureate/924
906,2014,Física,person,Isamu Akasaki,Isamu,Akasaki,male,1929-01-30,2021-04-01,Chiran,Japan,Asia,1/3,1,for the invention of efficient blue light-emitting diodes which has enabled bright and energy-saving white light sources,"Meijo University — Nagoya, Japan | Nagoya University — Nagoya, Japan",received,2014-10-07,8000000,10596648,https://www.nobelprize.org/laureate/906,https://www.nobelprize.org/prizes/physics/2014/summary/,https://en.wikipedia.org/wiki/Isamu_Akasaki,https://www.wikidata.org/wiki/Q1673706,https://api.nobelprize.org/2/laureate/906
907,2014,Física,person,Hiroshi Amano,Hiroshi,Amano,male,1960-09-11,,Hamamatsu,Japan,Asia,1/3,2,for the invention of efficient blue light-emitting diodes which has enabled bright and energy-saving white light sources,"Nagoya University — Nagoya, Japan",received,2014-10-07,8000000,10596648,https://www.nobelprize.org/laureate/907,https://www.nobelprize.org/prizes/physics/2014/summary/,https://en.wikipedia.org/wiki/Hiroshi_Amano,https://www.wikidata.org/wiki/Q11443689,https://api.nobelprize.org/2/laureate/907
908,2014,Física,person,Shuji Nakamura,Shuji,Nakamura,male,1954-05-22,,Ikata,Japan,Asia,1/3,3,for the invention of efficient blue light-emitting diodes which has enabled bright and energy-saving white light sources,"University of California — Santa Barbara, CA, USA",received,2014-10-07,8000000,10596648,https://www.nobelprize.org/laureate/908,https://www.nobelprize.org/prizes/physics/2014/summary/,https://en.wikipedia.org/wiki/Shuji_Nakamura,https://www.wikidata.org/wiki/Q730065,https://api.nobelprize.org/2/laureate/908
909,2014,Química,person,Eric Betzig,Eric,Betzig,male,1960-01-13,,"Ann Arbor, MI",USA,North America,1/3,1,for the development of super-resolved fluorescence microscopy,"Janelia Research Campus, Howard Hughes Medical Institute — Ashburn, VA, USA",received,2014-10-08,8000000,10596648,https://www.nobelprize.org/laureate/909,https://www.nobelprize.org/prizes/chemistry/2014/summary/,https://en.wikipedia.org/wiki/Eric_Betzig,https://www.wikidata.org/wiki/Q1351105,https://api.nobelprize.org/2/laureate/909
910,2014,Química,person,Stefan W. Hell,Stefan W.,Hell,male,1962-12-23,,Arad,Romania,Europe,1/3,2,for the development of super-resolved fluorescence microscopy,"Max Planck Institute for Biophysical Chemistry — Göttingen, Germany | German Cancer Research Center — Heidelberg, Germany",received,2014-10-08,8000000,10596648,https://www.nobelprize.org/laureate/910,https://www.nobelprize.org/prizes/chemistry/2014/summary/,https://en.wikipedia.org/wiki/Stefan_Hell,https://www.wikidata.org/wiki/Q91410,https://api.nobelprize.org/2/laureate/910
911,2014,Química,person,William E. Moerner,William E.,Moerner,male,1953-06-24,,"Pleasanton, CA",USA,North America,1/3,3,for the development of super-resolved fluorescence microscopy,"Stanford University — Stanford, CA, USA",received,2014-10-08,8000000,10596648,https://www.nobelprize.org/laureate/911,https://www.nobelprize.org/prizes/chemistry/2014/summary/,https://en.wikipedia.org/wiki/William_E._Moerner,https://www.wikidata.org/wiki/Q1387059,https://api.nobelprize.org/2/laureate/911
903,2014,Medicina,person,John O'Keefe,John,O'Keefe,male,1939-11-18,,"New York, NY",USA,North America,1/2,1,for their discoveries of cells that constitute a positioning system in the brain,"University College — London, United Kingdom",received,2014-10-06,8000000,10596648,https://www.nobelprize.org/laureate/903,https://www.nobelprize.org/prizes/medicine/2014/summary/,https://en.wikipedia.org/wiki/John_O'Keefe_(neuroscientist),https://www.wikidata.org/wiki/Q1701279,https://api.nobelprize.org/2/laureate/903
904,2014,Medicina,person,May-Britt Moser,May-Britt,Moser,female,1963-01-04,,Fosnavåg,Norway,Europe,1/4,2,for their discoveries of cells that constitute a positioning system in the brain,"Norwegian University of Science and Technology (NTNU) — Trondheim, Norway",received,2014-10-06,8000000,10596648,https://www.nobelprize.org/laureate/904,https://www.nobelprize.org/prizes/medicine/2014/summary/,https://en.wikipedia.org/wiki/May-Britt_Moser,https://www.wikidata.org/wiki/Q6796222,https://api.nobelprize.org/2/laureate/904
905,2014,Medicina,person,Edvard I. Moser,Edvard I.,Moser,male,1962-04-27,,Ålesund,Norway,Europe,1/4,3,for their discoveries of cells that constitute a positioning system in the brain,"Norwegian University of Science and Technology (NTNU) — Trondheim, Norway",received,2014-10-06,8000000,10596648,https://www.nobelprize.org/laureate/905,https://www.nobelprize.org/prizes/medicine/2014/summary/,https://en.wikipedia.org/wiki/Edvard_Moser,https://www.wikidata.org/wiki/Q5341373,https://api.nobelprize.org/2/laureate/905
915,2014,Ciencias Económicas,person,Jean Tirole,Jean,Tirole,male,1953-08-09,,Troyes,France,Europe,1,1,for his analysis of market power and regulation,"Toulouse School of Economics (TSE) — Toulouse, France",received,2014-10-13,8000000,10596648,https://www.nobelprize.org/laureate/915,https://www.nobelprize.org/prizes/economic-sciences/2014/summary/,https://en.wikipedia.org/wiki/Jean_Tirole,https://www.wikidata.org/wiki/Q173994,https://api.nobelprize.org/2/laureate/915
913,2014,Paz,person,Kailash Satyarthi,Kailash,Satyarthi,male,1954-01-11,,Vidisha,India,Asia,1/2,1,for their struggle against the suppression of children and young people and for the right of all children to education,,received,2014-10-10,8000000,10596648,https://www.nobelprize.org/laureate/913,https://www.nobelprize.org/prizes/peace/2014/summary/,https://en.wikipedia.org/wiki/Kailash_Satyarthi,https://www.wikidata.org/wiki/Q3442375,https://api.nobelprize.org/2/laureate/913
914,2014,Paz,person,Malala Yousafzai,Malala,Yousafzai,female,1997-07-12,,Mingora,Pakistan,Asia,1/2,2,for their struggle against the suppression of children and young people and for the right of all children to education,,received,2014-10-10,8000000,10596648,https://www.nobelprize.org/laureate/914,https://www.nobelprize.org/prizes/peace/2014/summary/,https://en.wikipedia.org/wiki/Malala_Yousafzai,https://www.wikidata.org/wiki/Q32732,https://api.nobelprize.org/2/laureate/914
912,2014,Literatura,person,Patrick Modiano,Patrick,Modiano,male,1945-07-30,,Paris,France,Europe,1,1,"for the art of memory with which he has evoked the most ungraspable human destinies and
uncovered the life-world of the occupation",,received,2014-10-09,8000000,10596648,https://www.nobelprize.org/laureate/912,https://www.nobelprize.org/prizes/literature/2014/summary/,https://en.wikipedia.org/wiki/Patrick_Modiano,https://www.wikidata.org/wiki/Q222944,https://api.nobelprize.org/2/laureate/912
887,2013,Física,person,François Englert,François,Englert,male,1932-11-06,2026-06-18,Etterbeek,Belgium,Europe,1/2,1,"for the theoretical discovery of a mechanism that contributes to our understanding of the origin of mass of subatomic particles, and which recently was confirmed through the discovery of the predicted fundamental particle, by the ATLAS and CMS experiments at CERN's Large Hadron Collider","Université Libre de Bruxelles — Brussels, Belgium",received,2013-10-08,8000000,10578918,https://www.nobelprize.org/laureate/887,https://www.nobelprize.org/prizes/physics/2013/summary/,https://en.wikipedia.org/wiki/François_Englert,https://www.wikidata.org/wiki/Q151746,https://api.nobelprize.org/2/laureate/887
888,2013,Física,person,Peter Higgs,Peter,Higgs,male,1929-05-29,2024-04-08,Newcastle upon Tyne,United Kingdom,Europe,1/2,2,"for the theoretical discovery of a mechanism that contributes to our understanding of the origin of mass of subatomic particles, and which recently was confirmed through the discovery of the predicted fundamental particle, by the ATLAS and CMS experiments at CERN's Large Hadron Collider","University of Edinburgh — Edinburgh, United Kingdom",received,2013-10-08,8000000,10578918,https://www.nobelprize.org/laureate/888,https://www.nobelprize.org/prizes/physics/2013/summary/,https://en.wikipedia.org/wiki/Peter_Higgs,https://www.wikidata.org/wiki/Q192112,https://api.nobelprize.org/2/laureate/888
889,2013,Química,person,Martin Karplus,Martin,Karplus,male,1930-03-15,2024-12-28,Vienna,Austria,Europe,1/3,1,for the development of multiscale models for complex chemical systems,"Université de Strasbourg — Strasbourg, France | Harvard University — Cambridge, MA, USA",received,2013-10-09,8000000,10578918,https://www.nobelprize.org/laureate/889,https://www.nobelprize.org/prizes/chemistry/2013/summary/,https://en.wikipedia.org/wiki/Martin_Karplus,https://www.wikidata.org/wiki/Q903471,https://api.nobelprize.org/2/laureate/889
890,2013,Química,person,Michael Levitt,Michael,Levitt,male,1947-05-09,,Pretoria,South Africa,Africa,1/3,2,for the development of multiscale models for complex chemical systems,"Stanford University School of Medicine — Stanford, CA, USA",received,2013-10-09,8000000,10578918,https://www.nobelprize.org/laureate/890,https://www.nobelprize.org/prizes/chemistry/2013/summary/,https://en.wikipedia.org/wiki/Michael_Levitt,https://www.wikidata.org/wiki/Q6832227,https://api.nobelprize.org/2/laureate/890
891,2013,Química,person,Arieh Warshel,Arieh,Warshel,male,1940-11-20,,Kibbutz Sde-Nahum,British Mandate of Palestine,Asia,1/3,3,for the development of multiscale models for complex chemical systems,"University of Southern California — Los Angeles, CA, USA",received,2013-10-09,8000000,10578918,https://www.nobelprize.org/laureate/891,https://www.nobelprize.org/prizes/chemistry/2013/summary/,https://en.wikipedia.org/wiki/Arieh_Warshel,https://www.wikidata.org/wiki/Q4790366,https://api.nobelprize.org/2/laureate/891
884,2013,Medicina,person,James E. Rothman,James E.,Rothman,male,1950-11-03,,"Haverhill, MA",USA,North America,1/3,1,"for their discoveries of machinery regulating vesicle traffic, a major transport system in our cells","Yale University — New Haven, CT, USA",received,2013-10-07,8000000,10578918,https://www.nobelprize.org/laureate/884,https://www.nobelprize.org/prizes/medicine/2013/summary/,https://en.wikipedia.org/wiki/James_Rothman,https://www.wikidata.org/wiki/Q444270,https://api.nobelprize.org/2/laureate/884
885,2013,Medicina,person,Randy W. Schekman,Randy W.,Schekman,male,1948-12-30,,"St. Paul, MN",USA,North America,1/3,2,"for their discoveries of machinery regulating vesicle traffic, a major transport system in our cells","University of California — Berkeley, CA, USA | Howard Hughes Medical Institute — USA",received,2013-10-07,8000000,10578918,https://www.nobelprize.org/laureate/885,https://www.nobelprize.org/prizes/medicine/2013/summary/,https://en.wikipedia.org/wiki/Randy_Schekman,https://www.wikidata.org/wiki/Q740638,https://api.nobelprize.org/2/laureate/885
886,2013,Medicina,person,Thomas C. Südhof,Thomas C.,Südhof,male,1955-12-22,,Göttingen,Germany,Europe,1/3,3,"for their discoveries of machinery regulating vesicle traffic, a major transport system in our cells","Stanford University — Stanford, CA, USA | Howard Hughes Medical Institute — USA",received,2013-10-07,8000000,10578918,https://www.nobelprize.org/laureate/886,https://www.nobelprize.org/prizes/medicine/2013/summary/,https://en.wikipedia.org/wiki/Thomas_C._Südhof,https://www.wikidata.org/wiki/Q97270,https://api.nobelprize.org/2/laureate/886
894,2013,Ciencias Económicas,person,Eugene F. Fama,Eugene F.,Fama,male,1939-02-14,,"Boston, MA",USA,North America,1/3,1,for their empirical analysis of asset prices,"University of Chicago — Chicago, IL, USA",received,2013-10-14,8000000,10578918,https://www.nobelprize.org/laureate/894,https://www.nobelprize.org/prizes/economic-sciences/2013/summary/,https://en.wikipedia.org/wiki/Eugene_Fama,https://www.wikidata.org/wiki/Q359317,https://api.nobelprize.org/2/laureate/894
895,2013,Ciencias Económicas,person,Lars Peter Hansen,Lars Peter,Hansen,male,1952-10-26,,"Urbana, IL",USA,North America,1/3,2,for their empirical analysis of asset prices,"University of Chicago — Chicago, IL, USA",received,2013-10-14,8000000,10578918,https://www.nobelprize.org/laureate/895,https://www.nobelprize.org/prizes/economic-sciences/2013/summary/,https://en.wikipedia.org/wiki/Lars_Peter_Hansen,https://www.wikidata.org/wiki/Q1386049,https://api.nobelprize.org/2/laureate/895
896,2013,Ciencias Económicas,person,Robert J. Shiller,Robert J.,Shiller,male,1946-03-29,,"Detroit, MI",USA,North America,1/3,3,for their empirical analysis of asset prices,"Yale University — New Haven, CT, USA",received,2013-10-14,8000000,10578918,https://www.nobelprize.org/laureate/896,https://www.nobelprize.org/prizes/economic-sciences/2013/summary/,https://en.wikipedia.org/wiki/Robert_J._Shiller,https://www.wikidata.org/wiki/Q338151,https://api.nobelprize.org/2/laureate/896
893,2013,Paz,organization,Organisation for the Prohibition of Chemical Weapons,,,,1997-00-00,,,,,1,1,for its extensive efforts to eliminate chemical weapons,,received,2013-10-11,8000000,10578918,https://www.nobelprize.org/laureate/893,https://www.nobelprize.org/prizes/peace/2013/summary/,https://en.wikipedia.org/wiki/Organisation_for_the_Prohibition_of_Chemical_Weapons,https://www.wikidata.org/wiki/Q842490,https://api.nobelprize.org/2/laureate/893
892,2013,Literatura,person,Alice Munro,Alice,Munro,female,1931-07-10,2024-05-13,Wingham,Canada,North America,1,1,master of the contemporary short story,,received,2013-10-10,8000000,10578918,https://www.nobelprize.org/laureate/892,https://www.nobelprize.org/prizes/literature/2013/summary/,https://en.wikipedia.org/wiki/Alice_Munro,https://www.wikidata.org/wiki/Q234819,https://api.nobelprize.org/2/laureate/892
876,2012,Física,person,Serge Haroche,Serge,Haroche,male,1944-09-11,,Casablanca,Morocco,Africa,1/2,1,for ground-breaking experimental methods that enable measuring and manipulation of individual quantum systems,"Collège de France — Paris, France | École Normale Supérieure — Paris, France",received,2012-10-09,8000000,10573021,https://www.nobelprize.org/laureate/876,https://www.nobelprize.org/prizes/physics/2012/summary/,https://en.wikipedia.org/wiki/Serge_Haroche,https://www.wikidata.org/wiki/Q109588,https://api.nobelprize.org/2/laureate/876
877,2012,Física,person,David J. Wineland,David J.,Wineland,male,1944-02-24,,"Milwaukee, WI",USA,North America,1/2,2,for ground-breaking experimental methods that enable measuring and manipulation of individual quantum systems,"National Institute of Standards and Technology — Boulder, CO, USA | University of Colorado — Boulder, CO, USA",received,2012-10-09,8000000,10573021,https://www.nobelprize.org/laureate/877,https://www.nobelprize.org/prizes/physics/2012/summary/,https://en.wikipedia.org/wiki/David_J._Wineland,https://www.wikidata.org/wiki/Q61045,https://api.nobelprize.org/2/laureate/877
878,2012,Química,person,Robert J. Lefkowitz,Robert J.,Lefkowitz,male,1943-04-15,,"New York, NY",USA,North America,1/2,1,for studies of G-protein-coupled receptors,"Howard Hughes Medical Institute — USA | Duke University Medical Center — Durham, NC, USA",received,2012-10-10,8000000,10573021,https://www.nobelprize.org/laureate/878,https://www.nobelprize.org/prizes/chemistry/2012/summary/,https://en.wikipedia.org/wiki/Robert_Lefkowitz,https://www.wikidata.org/wiki/Q80910,https://api.nobelprize.org/2/laureate/878
879,2012,Química,person,Brian Kobilka,Brian,Kobilka,male,1955-05-30,,"Little Falls, MN",USA,North America,1/2,2,for studies of G-protein-coupled receptors,"Stanford University School of Medicine — Stanford, CA, USA",received,2012-10-10,8000000,10573021,https://www.nobelprize.org/laureate/879,https://www.nobelprize.org/prizes/chemistry/2012/summary/,https://en.wikipedia.org/wiki/Brian_Kobilka,https://www.wikidata.org/wiki/Q80907,https://api.nobelprize.org/2/laureate/879
874,2012,Medicina,person,Sir John B. Gurdon,Sir John B.,Gurdon,male,1933-10-02,2025-10-07,Dippenhall,United Kingdom,Europe,1/2,1,for the discovery that mature cells can be reprogrammed to become pluripotent,"Gurdon Institute — Cambridge, United Kingdom",received,2012-10-08,8000000,10573021,https://www.nobelprize.org/laureate/874,https://www.nobelprize.org/prizes/medicine/2012/summary/,https://en.wikipedia.org/wiki/John_Gurdon,https://www.wikidata.org/wiki/Q81218,https://api.nobelprize.org/2/laureate/874
875,2012,Medicina,person,Shinya Yamanaka,Shinya,Yamanaka,male,1962-09-04,,Osaka,Japan,Asia,1/2,2,for the discovery that mature cells can be reprogrammed to become pluripotent,"Kyoto University — Kyoto, Japan | Gladstone Institutes — San Francisco, CA, USA",received,2012-10-08,8000000,10573021,https://www.nobelprize.org/laureate/875,https://www.nobelprize.org/prizes/medicine/2012/summary/,https://en.wikipedia.org/wiki/Shinya_Yamanaka,https://www.wikidata.org/wiki/Q80917,https://api.nobelprize.org/2/laureate/875
882,2012,Ciencias Económicas,person,Alvin E. Roth,Alvin E.,Roth,male,1951-12-18,,"New York, NY",USA,North America,1/2,1,for the theory of stable allocations and the practice of market design,"Harvard University — Cambridge, MA, USA | Harvard Business School — Boston, MA, USA",received,2012-10-15,8000000,10573021,https://www.nobelprize.org/laureate/882,https://www.nobelprize.org/prizes/economic-sciences/2012/summary/,https://en.wikipedia.org/wiki/Alvin_E._Roth,https://www.wikidata.org/wiki/Q28542,https://api.nobelprize.org/2/laureate/882
883,2012,Ciencias Económicas,person,Lloyd S. Shapley,Lloyd S.,Shapley,male,1923-06-02,2016-03-12,"Cambridge, MA",USA,North America,1/2,2,for the theory of stable allocations and the practice of market design,"University of California — Los Angeles, CA, USA",received,2012-10-15,8000000,10573021,https://www.nobelprize.org/laureate/883,https://www.nobelprize.org/prizes/economic-sciences/2012/summary/,https://en.wikipedia.org/wiki/Lloyd_Shapley,https://www.wikidata.org/wiki/Q244739,https://api.nobelprize.org/2/laureate/883
881,2012,Paz,organization,European Union,,,,1952-00-00,,,,,1,1,"for over six decades contributed to the advancement of peace and reconciliation, democracy and human rights in Europe",,received,2012-10-12,8000000,10573021,https://www.nobelprize.org/laureate/881,https://www.nobelprize.org/prizes/peace/2012/summary/,https://en.wikipedia.org/wiki/European_Union,https://www.wikidata.org/wiki/Q458,https://api.nobelprize.org/2/laureate/881
880,2012,Literatura,person,Mo Yan,Mo,Yan,male,1956-03-25,,Gaomi,China,Asia,1,1,"who with hallucinatory realism merges folk tales, history and the contemporary",,received,2012-10-11,8000000,10573021,https://www.nobelprize.org/laureate/880,https://www.nobelprize.org/prizes/literature/2012/summary/,https://en.wikipedia.org/wiki/Mo_Yan,https://www.wikidata.org/wiki/Q8998,https://api.nobelprize.org/2/laureate/880
864,2011,Física,person,Saul Perlmutter,Saul,Perlmutter,male,1959-00-00,,"Champaign-Urbana, IL",USA,North America,1/2,1,for the discovery of the accelerating expansion of the Universe through observations of distant supernovae,"Lawrence Berkeley National Laboratory — Berkeley, CA, USA | University of California — Berkeley, CA, USA",received,2011-10-04,10000000,13335208,https://www.nobelprize.org/laureate/864,https://www.nobelprize.org/prizes/physics/2011/summary/,https://en.wikipedia.org/wiki/Saul_Perlmutter,https://www.wikidata.org/wiki/Q106949,https://api.nobelprize.org/2/laureate/864
865,2011,Física,person,Brian P. Schmidt,Brian P.,Schmidt,male,1967-02-24,,"Missoula, MT",USA,North America,1/4,2,for the discovery of the accelerating expansion of the Universe through observations of distant supernovae,"Australian National University — Weston Creek, Australia",received,2011-10-04,10000000,13335208,https://www.nobelprize.org/laureate/865,https://www.nobelprize.org/prizes/physics/2011/summary/,https://en.wikipedia.org/wiki/Brian_Schmidt,https://www.wikidata.org/wiki/Q201452,https://api.nobelprize.org/2/laureate/865
866,2011,Física,person,Adam G. Riess,Adam G.,Riess,male,1969-12-16,,"Washington, D.C.",USA,North America,1/4,3,for the discovery of the accelerating expansion of the Universe through observations of distant supernovae,"Johns Hopkins University — Baltimore, MD, USA | Space Telescope Science Institute — Baltimore, MD, USA",received,2011-10-04,10000000,13335208,https://www.nobelprize.org/laureate/866,https://www.nobelprize.org/prizes/physics/2011/summary/,https://en.wikipedia.org/wiki/Adam_Riess,https://www.wikidata.org/wiki/Q106454,https://api.nobelprize.org/2/laureate/866
867,2011,Química,person,Dan Shechtman,Dan,Shechtman,male,1941-01-24,,Tel Aviv,British Mandate of Palestine,Asia,1,1,for the discovery of quasicrystals,"Technion - Israel Institute of Technology — Haifa, Israel",received,2011-10-05,10000000,13335208,https://www.nobelprize.org/laureate/867,https://www.nobelprize.org/prizes/chemistry/2011/summary/,https://en.wikipedia.org/wiki/Dan_Shechtman,https://www.wikidata.org/wiki/Q44111,https://api.nobelprize.org/2/laureate/867
861,2011,Medicina,person,Bruce A. Beutler,Bruce A.,Beutler,male,1957-12-29,,"Chicago, IL",USA,North America,1/4,1,for their discoveries concerning the activation of innate immunity,"University of Texas Southwestern Medical Center at Dallas — Dallas, TX, USA | The Scripps Research Institute — La Jolla, CA, USA",received,2011-10-03,10000000,13335208,https://www.nobelprize.org/laureate/861,https://www.nobelprize.org/prizes/medicine/2011/summary/,https://en.wikipedia.org/wiki/Bruce_Beutler,https://www.wikidata.org/wiki/Q104592,https://api.nobelprize.org/2/laureate/861
862,2011,Medicina,person,Jules A. Hoffmann,Jules A.,Hoffmann,male,1941-08-02,,Echternach,Luxembourg,Europe,1/4,2,for their discoveries concerning the activation of innate immunity,"University of Strasbourg — Strasbourg, France",received,2011-10-03,10000000,13335208,https://www.nobelprize.org/laureate/862,https://www.nobelprize.org/prizes/medicine/2011/summary/,https://en.wikipedia.org/wiki/Jules_A._Hoffmann,https://www.wikidata.org/wiki/Q105605,https://api.nobelprize.org/2/laureate/862
863,2011,Medicina,person,Ralph M. Steinman,Ralph M.,Steinman,male,1943-01-14,2011-09-30,Montreal,Canada,North America,1/2,3,for his discovery of the dendritic cell and its role in adaptive immunity,"Rockefeller University — New York, NY, USA",received,2011-10-03,10000000,13335208,https://www.nobelprize.org/laureate/863,https://www.nobelprize.org/prizes/medicine/2011/summary/,https://en.wikipedia.org/wiki/Ralph_M._Steinman,https://www.wikidata.org/wiki/Q105494,https://api.nobelprize.org/2/laureate/863
872,2011,Ciencias Económicas,person,Thomas J. Sargent,Thomas J.,Sargent,male,1943-07-19,,"Pasadena, CA",USA,North America,1/2,1,for their empirical research on cause and effect in the macroeconomy,"New York University — New York, NY, USA",received,2011-10-10,10000000,13335208,https://www.nobelprize.org/laureate/872,https://www.nobelprize.org/prizes/economic-sciences/2011/summary/,https://en.wikipedia.org/wiki/Thomas_J._Sargent,https://www.wikidata.org/wiki/Q107964,https://api.nobelprize.org/2/laureate/872
873,2011,Ciencias Económicas,person,Christopher A. Sims,Christopher A.,Sims,male,1942-10-21,2026-03-14,"Washington, D.C.",USA,North America,1/2,2,for their empirical research on cause and effect in the macroeconomy,"Princeton University — Princeton, NJ, USA",received,2011-10-10,10000000,13335208,https://www.nobelprize.org/laureate/873,https://www.nobelprize.org/prizes/economic-sciences/2011/summary/,https://en.wikipedia.org/wiki/Christopher_A._Sims,https://www.wikidata.org/wiki/Q109737,https://api.nobelprize.org/2/laureate/873
869,2011,Paz,person,Ellen Johnson Sirleaf,Ellen,Johnson Sirleaf,female,1938-10-29,,Monrovia,Liberia,Africa,1/3,1,for their non-violent struggle for the safety of women and for women's rights to full participation in peace-building work,,received,2011-10-07,10000000,13335208,https://www.nobelprize.org/laureate/869,https://www.nobelprize.org/prizes/peace/2011/summary/,https://en.wikipedia.org/wiki/Ellen_Johnson_Sirleaf,https://www.wikidata.org/wiki/Q43179,https://api.nobelprize.org/2/laureate/869
870,2011,Paz,person,Leymah Gbowee,Leymah,Gbowee,female,1972-02-01,,Monrovia,Liberia,Africa,1/3,2,for their non-violent struggle for the safety of women and for women's rights to full participation in peace-building work,,received,2011-10-07,10000000,13335208,https://www.nobelprize.org/laureate/870,https://www.nobelprize.org/prizes/peace/2011/summary/,https://en.wikipedia.org/wiki/Leymah_Gbowee,https://www.wikidata.org/wiki/Q107037,https://api.nobelprize.org/2/laureate/870
871,2011,Paz,person,Tawakkol Karman,Tawakkol,Karman,female,1979-02-07,,Ta'izz,Yemen,Asia,1/3,3,for their non-violent struggle for the safety of women and for women's rights to full participation in peace-building work,,received,2011-10-07,10000000,13335208,https://www.nobelprize.org/laureate/871,https://www.nobelprize.org/prizes/peace/2011/summary/,https://en.wikipedia.org/wiki/Tawakkol_Karman,https://www.wikidata.org/wiki/Q104622,https://api.nobelprize.org/2/laureate/871
868,2011,Literatura,person,Tomas Tranströmer,Tomas,Tranströmer,male,1931-04-15,2015-03-26,Stockholm,Sweden,Europe,1,1,"because, through his condensed, translucent images, he gives us fresh access to reality",,received,2011-10-06,10000000,13335208,https://www.nobelprize.org/laureate/868,https://www.nobelprize.org/prizes/literature/2011/summary/,https://en.wikipedia.org/wiki/Tomas_Tranströmer,https://www.wikidata.org/wiki/Q42122,https://api.nobelprize.org/2/laureate/868
849,2010,Física,person,Andre Geim,Andre,Geim,male,1958-10-21,,Sochi,Russia,Europe,1/2,1,for groundbreaking experiments regarding the two-dimensional material graphene,"University of Manchester — Manchester, United Kingdom",received,2010-10-05,10000000,13681477,https://www.nobelprize.org/laureate/849,https://www.nobelprize.org/prizes/physics/2010/summary/,https://en.wikipedia.org/wiki/Andre_Geim,https://www.wikidata.org/wiki/Q104104,https://api.nobelprize.org/2/laureate/849
850,2010,Física,person,Konstantin Novoselov,Konstantin,Novoselov,male,1974-08-23,,Nizhny Tagil,Russia,Europe,1/2,2,for groundbreaking experiments regarding the two-dimensional material graphene,"University of Manchester — Manchester, United Kingdom",received,2010-10-05,10000000,13681477,https://www.nobelprize.org/laureate/850,https://www.nobelprize.org/prizes/physics/2010/summary/,https://en.wikipedia.org/wiki/Konstantin_Novoselov,https://www.wikidata.org/wiki/Q106494,https://api.nobelprize.org/2/laureate/850
851,2010,Química,person,Richard F. Heck,Richard F.,Heck,male,1931-08-15,2015-10-09,"Springfield, MA",USA,North America,1/3,1,for palladium-catalyzed cross couplings in organic synthesis,University of Delaware — USA,received,2010-10-06,10000000,13681477,https://www.nobelprize.org/laureate/851,https://www.nobelprize.org/prizes/chemistry/2010/summary/,https://en.wikipedia.org/wiki/Richard_F._Heck,https://www.wikidata.org/wiki/Q106471,https://api.nobelprize.org/2/laureate/851
852,2010,Química,person,Ei-ichi Negishi,Ei-ichi,Negishi,male,1935-07-14,2021-06-06,Changchun,China,Asia,1/3,2,for palladium-catalyzed cross couplings in organic synthesis,"Purdue University — West Lafayette, IN, USA",received,2010-10-06,10000000,13681477,https://www.nobelprize.org/laureate/852,https://www.nobelprize.org/prizes/chemistry/2010/summary/,https://en.wikipedia.org/wiki/Ei-ichi_Negishi,https://www.wikidata.org/wiki/Q105927,https://api.nobelprize.org/2/laureate/852
853,2010,Química,person,Akira Suzuki,Akira,Suzuki,male,1930-09-12,,Mukawa,Japan,Asia,1/3,3,for palladium-catalyzed cross couplings in organic synthesis,"Hokkaido University — Sapporo, Japan",received,2010-10-06,10000000,13681477,https://www.nobelprize.org/laureate/853,https://www.nobelprize.org/prizes/chemistry/2010/summary/,https://en.wikipedia.org/wiki/Akira_Suzuki_(chemist),https://www.wikidata.org/wiki/Q105949,https://api.nobelprize.org/2/laureate/853
848,2010,Medicina,person,Robert G. Edwards,Robert G.,Edwards,male,1925-09-27,2013-04-10,Batley,United Kingdom,Europe,1,1,for the development of in vitro fertilization,"University of Cambridge — Cambridge, United Kingdom",received,2010-10-04,10000000,13681477,https://www.nobelprize.org/laureate/848,https://www.nobelprize.org/prizes/medicine/2010/summary/,https://en.wikipedia.org/wiki/Robert_G._Edwards,https://www.wikidata.org/wiki/Q104913,https://api.nobelprize.org/2/laureate/848
856,2010,Ciencias Económicas,person,Peter A. Diamond,Peter A.,Diamond,male,1940-04-29,,"New York, NY",USA,North America,1/3,1,for their analysis of markets with search frictions,"Massachusetts Institute of Technology (MIT) — Cambridge, MA, USA",received,2010-10-11,10000000,13681477,https://www.nobelprize.org/laureate/856,https://www.nobelprize.org/prizes/economic-sciences/2010/summary/,https://en.wikipedia.org/wiki/Peter_Diamond,https://www.wikidata.org/wiki/Q109570,https://api.nobelprize.org/2/laureate/856
857,2010,Ciencias Económicas,person,Dale T. Mortensen,Dale T.,Mortensen,male,1939-02-02,2014-01-09,"Enterprise, OR",USA,North America,1/3,2,for their analysis of markets with search frictions,"Northwestern University — Evanston, IL, USA | Aarhus University — Aarhus, Denmark",received,2010-10-11,10000000,13681477,https://www.nobelprize.org/laureate/857,https://www.nobelprize.org/prizes/economic-sciences/2010/summary/,https://en.wikipedia.org/wiki/Dale_T._Mortensen,https://www.wikidata.org/wiki/Q109721,https://api.nobelprize.org/2/laureate/857
858,2010,Ciencias Económicas,person,Christopher A. Pissarides,Christopher A.,Pissarides,male,1948-02-20,,Nicosia,Cyprus,Europe,1/3,3,for their analysis of markets with search frictions,"London School of Economics and Political Science — London, United Kingdom",received,2010-10-11,10000000,13681477,https://www.nobelprize.org/laureate/858,https://www.nobelprize.org/prizes/economic-sciences/2010/summary/,https://en.wikipedia.org/wiki/Christopher_A._Pissarides,https://www.wikidata.org/wiki/Q109582,https://api.nobelprize.org/2/laureate/858
855,2010,Paz,person,Liu Xiaobo,Xiaobo,Liu,male,1955-12-28,2017-07-13,Changchun,China,Asia,1,1,for his long and non-violent struggle for fundamental human rights in China,,received,2010-10-08,10000000,13681477,https://www.nobelprize.org/laureate/855,https://www.nobelprize.org/prizes/peace/2010/summary/,https://en.wikipedia.org/wiki/Liu_Xiaobo,https://www.wikidata.org/wiki/Q41617,https://api.nobelprize.org/2/laureate/855
854,2010,Literatura,person,Mario Vargas Llosa,Mario,Vargas Llosa,male,1936-03-28,2025-04-13,Arequipa,Peru,South America,1,1,"for his cartography of structures of power and his trenchant images of the individual's resistance, revolt, and defeat",,received,2010-10-07,10000000,13681477,https://www.nobelprize.org/laureate/854,https://www.nobelprize.org/prizes/literature/2010/summary/,https://en.wikipedia.org/wiki/Mario_Vargas_Llosa,https://www.wikidata.org/wiki/Q39803,https://api.nobelprize.org/2/laureate/854
838,2009,Física,person,Charles K. Kao,Charles K.,Kao,male,1933-11-04,2018-09-23,Shanghai,China,Asia,1/2,1,for groundbreaking achievements concerning the transmission of light in fibers for optical communication,"Standard Telecommunication Laboratories — Harlow, United Kingdom | Chinese University of Hong Kong — Hong Kong, China",received,2009-10-06,10000000,13857393,https://www.nobelprize.org/laureate/838,https://www.nobelprize.org/prizes/physics/2009/summary/,https://en.wikipedia.org/wiki/Charles_K._Kao,https://www.wikidata.org/wiki/Q16389,https://api.nobelprize.org/2/laureate/838
839,2009,Física,person,Willard S. Boyle,Willard S.,Boyle,male,1924-08-19,2011-05-07,"Amherst, NS",Canada,North America,1/4,2,for the invention of an imaging semiconductor circuit - the CCD sensor,"Bell Laboratories — Murray Hill, NJ, USA",received,2009-10-06,10000000,13857393,https://www.nobelprize.org/laureate/839,https://www.nobelprize.org/prizes/physics/2009/summary/,https://en.wikipedia.org/wiki/Willard_Boyle,https://www.wikidata.org/wiki/Q73058,https://api.nobelprize.org/2/laureate/839
840,2009,Física,person,George E. Smith,George E.,Smith,male,1930-05-10,2025-05-28,"White Plains, NY",USA,North America,1/4,3,for the invention of an imaging semiconductor circuit - the CCD sensor,"Bell Laboratories — Murray Hill, NJ, USA",received,2009-10-06,10000000,13857393,https://www.nobelprize.org/laureate/840,https://www.nobelprize.org/prizes/physics/2009/summary/,https://en.wikipedia.org/wiki/George_E._Smith,https://www.wikidata.org/wiki/Q76373,https://api.nobelprize.org/2/laureate/840
841,2009,Química,person,Venkatraman Ramakrishnan,Venkatraman,Ramakrishnan,male,1952-00-00,,"Chidambaram, Tamil Nadu",India,Asia,1/3,1,for studies of the structure and function of the ribosome,"MRC Laboratory of Molecular Biology — Cambridge, United Kingdom",received,2009-10-07,10000000,13857393,https://www.nobelprize.org/laureate/841,https://www.nobelprize.org/prizes/chemistry/2009/summary/,https://en.wikipedia.org/wiki/Venkatraman_Ramakrishnan,https://www.wikidata.org/wiki/Q60061,https://api.nobelprize.org/2/laureate/841
842,2009,Química,person,Thomas A. Steitz,Thomas A.,Steitz,male,1940-08-23,2018-08-23,"Milwaukee, WI",USA,North America,1/3,2,for studies of the structure and function of the ribosome,"Yale University — New Haven, CT, USA | Howard Hughes Medical Institute — USA",received,2009-10-07,10000000,13857393,https://www.nobelprize.org/laureate/842,https://www.nobelprize.org/prizes/chemistry/2009/summary/,https://en.wikipedia.org/wiki/Thomas_A._Steitz,https://www.wikidata.org/wiki/Q109559,https://api.nobelprize.org/2/laureate/842
843,2009,Química,person,Ada E. Yonath,Ada E.,Yonath,female,1939-06-22,2026-08-31,Jerusalem,British Mandate of Palestine,Asia,1/3,3,for studies of the structure and function of the ribosome,"Weizmann Institute of Science — Rehovot, Israel",received,2009-10-07,10000000,13857393,https://www.nobelprize.org/laureate/843,https://www.nobelprize.org/prizes/chemistry/2009/summary/,https://en.wikipedia.org/wiki/Ada_Yonath,https://www.wikidata.org/wiki/Q7426,https://api.nobelprize.org/2/laureate/843
835,2009,Medicina,person,Elizabeth H. Blackburn,Elizabeth H.,Blackburn,female,1948-11-26,,"Hobart, Tasmania",Australia,Oceania,1/3,1,for the discovery of how chromosomes are protected by telomeres and the enzyme telomerase,"University of California — San Francisco, CA, USA",received,2009-10-05,10000000,13857393,https://www.nobelprize.org/laureate/835,https://www.nobelprize.org/prizes/medicine/2009/summary/,https://en.wikipedia.org/wiki/Elizabeth_Blackburn,https://www.wikidata.org/wiki/Q26321,https://api.nobelprize.org/2/laureate/835
836,2009,Medicina,person,Carol W. Greider,Carol W.,Greider,female,1961-04-15,,"San Diego, CA",USA,North America,1/3,2,for the discovery of how chromosomes are protected by telomeres and the enzyme telomerase,"Johns Hopkins University School of Medicine — Baltimore, MD, USA",received,2009-10-05,10000000,13857393,https://www.nobelprize.org/laureate/836,https://www.nobelprize.org/prizes/medicine/2009/summary/,https://en.wikipedia.org/wiki/Carol_W._Greider,https://www.wikidata.org/wiki/Q26322,https://api.nobelprize.org/2/laureate/836
837,2009,Medicina,person,Jack W. Szostak,Jack W.,Szostak,male,1952-11-09,,London,United Kingdom,Europe,1/3,3,for the discovery of how chromosomes are protected by telomeres and the enzyme telomerase,"Harvard Medical School — Boston, MA, USA | Massachusetts General Hospital — Boston, MA, USA | Howard Hughes Medical Institute — USA",received,2009-10-05,10000000,13857393,https://www.nobelprize.org/laureate/837,https://www.nobelprize.org/prizes/medicine/2009/summary/,https://en.wikipedia.org/wiki/Jack_W._Szostak,https://www.wikidata.org/wiki/Q104600,https://api.nobelprize.org/2/laureate/837
846,2009,Ciencias Económicas,person,Elinor Ostrom,Elinor,Ostrom,female,1933-08-07,2012-06-12,"Los Angeles, CA",USA,North America,1/2,1,"for her analysis of economic governance, especially the commons","Indiana University — Bloomington, IN, USA | Arizona State University — Tempe, AZ, USA",received,2009-10-12,10000000,13857393,https://www.nobelprize.org/laureate/846,https://www.nobelprize.org/prizes/economic-sciences/2009/summary/,https://en.wikipedia.org/wiki/Elinor_Ostrom,https://www.wikidata.org/wiki/Q153761,https://api.nobelprize.org/2/laureate/846
847,2009,Ciencias Económicas,person,Oliver E. Williamson,Oliver E.,Williamson,male,1932-09-27,,"Superior, WI",USA,North America,1/2,2,"for his analysis of economic governance, especially the boundaries of the firm","University of California — Berkeley, CA, USA",received,2009-10-12,10000000,13857393,https://www.nobelprize.org/laureate/847,https://www.nobelprize.org/prizes/economic-sciences/2009/summary/,https://en.wikipedia.org/wiki/Oliver_E._Williamson,https://www.wikidata.org/wiki/Q232062,https://api.nobelprize.org/2/laureate/847
845,2009,Paz,person,Barack H. Obama,Barack,Obama,male,1961-08-04,,"Honolulu, HI",USA,North America,1,1,for his extraordinary efforts to strengthen international diplomacy and cooperation between peoples,,received,2009-10-09,10000000,13857393,https://www.nobelprize.org/laureate/845,https://www.nobelprize.org/prizes/peace/2009/summary/,https://en.wikipedia.org/wiki/Barack_Obama,https://www.wikidata.org/wiki/Q76,https://api.nobelprize.org/2/laureate/845
844,2009,Literatura,person,Herta Müller,Herta,Müller,female,1953-08-17,,"Nitzkydorf, Banat",Romania,Europe,1,1,"who, with the concentration of poetry and the frankness of prose, depicts the landscape of the dispossessed",,received,2009-10-08,10000000,13857393,https://www.nobelprize.org/laureate/844,https://www.nobelprize.org/prizes/literature/2009/summary/,https://en.wikipedia.org/wiki/Herta_Müller,https://www.wikidata.org/wiki/Q38049,https://api.nobelprize.org/2/laureate/844
826,2008,Física,person,Yoichiro Nambu,Yoichiro,Nambu,male,1921-01-18,2015-07-05,Tokyo,Japan,Asia,1/2,1,for the discovery of the mechanism of spontaneous broken symmetry in subatomic physics,"Enrico Fermi Institute, University of Chicago — Chicago, IL, USA",received,2008-10-07,10000000,13817016,https://www.nobelprize.org/laureate/826,https://www.nobelprize.org/prizes/physics/2008/summary/,https://en.wikipedia.org/wiki/Yoichiro_Nambu,https://www.wikidata.org/wiki/Q188120,https://api.nobelprize.org/2/laureate/826
827,2008,Física,person,Makoto Kobayashi,Makoto,Kobayashi,male,1944-04-07,,Nagoya,Japan,Asia,1/4,2,for the discovery of the origin of the broken symmetry which predicts the existence of at least three families of quarks in nature,"High Energy Accelerator Research Organization (KEK) — Tsukuba, Japan",received,2008-10-07,10000000,13817016,https://www.nobelprize.org/laureate/827,https://www.nobelprize.org/prizes/physics/2008/summary/,https://en.wikipedia.org/wiki/Makoto_Kobayashi_(physicist),https://www.wikidata.org/wiki/Q202164,https://api.nobelprize.org/2/laureate/827
828,2008,Física,person,Toshihide Maskawa,Toshihide,Maskawa,male,1940-02-07,2021-07-23,Nagoya,Japan,Asia,1/4,3,for the discovery of the origin of the broken symmetry which predicts the existence of at least three families of quarks in nature,"Kyoto Sangyo University — Kyoto, Japan | Yukawa Institute for Theoretical Physics (YITP), Kyoto University — Kyoto, Japan",received,2008-10-07,10000000,13817016,https://www.nobelprize.org/laureate/828,https://www.nobelprize.org/prizes/physics/2008/summary/,https://en.wikipedia.org/wiki/Toshihide_Maskawa,https://www.wikidata.org/wiki/Q202168,https://api.nobelprize.org/2/laureate/828
829,2008,Química,person,Osamu Shimomura,Osamu,Shimomura,male,1928-08-27,2018-10-19,Kyoto,Japan,Asia,1/3,1,"for the discovery and development of the green fluorescent protein, GFP","Marine Biological Laboratory (MBL) — Woods Hole, MA, USA | Boston University Medical School — Massachusetts, MA, USA",received,2008-10-08,10000000,13817016,https://www.nobelprize.org/laureate/829,https://www.nobelprize.org/prizes/chemistry/2008/summary/,https://en.wikipedia.org/wiki/Osamu_Shimomura,https://www.wikidata.org/wiki/Q205345,https://api.nobelprize.org/2/laureate/829
830,2008,Química,person,Martin Chalfie,Martin,Chalfie,male,1947-01-15,,"Chicago, IL",USA,North America,1/3,2,"for the discovery and development of the green fluorescent protein, GFP","Columbia University — New York, NY, USA",received,2008-10-08,10000000,13817016,https://www.nobelprize.org/laureate/830,https://www.nobelprize.org/prizes/chemistry/2008/summary/,https://en.wikipedia.org/wiki/Martin_Chalfie,https://www.wikidata.org/wiki/Q106699,https://api.nobelprize.org/2/laureate/830
831,2008,Química,person,Roger Y. Tsien,Roger Y.,Tsien,male,1952-02-01,2016-08-24,"New York, NY",USA,North America,1/3,3,"for the discovery and development of the green fluorescent protein, GFP","University of California — San Diego, CA, USA | Howard Hughes Medical Institute — USA",received,2008-10-08,10000000,13817016,https://www.nobelprize.org/laureate/831,https://www.nobelprize.org/prizes/chemistry/2008/summary/,https://en.wikipedia.org/wiki/Roger_Y._Tsien,https://www.wikidata.org/wiki/Q200470,https://api.nobelprize.org/2/laureate/831
823,2008,Medicina,person,Harald zur Hausen,Harald,zur Hausen,male,1936-03-11,2023-05-28,Gelsenkirchen,Germany,Europe,1/2,1,for his discovery of human papilloma viruses causing cervical cancer,"German Cancer Research Center — Heidelberg, Germany",received,2008-10-06,10000000,13817016,https://www.nobelprize.org/laureate/823,https://www.nobelprize.org/prizes/medicine/2008/summary/,https://en.wikipedia.org/wiki/Harald_zur_Hausen,https://www.wikidata.org/wiki/Q75847,https://api.nobelprize.org/2/laureate/823
824,2008,Medicina,person,Françoise Barré-Sinoussi,Françoise,Barré-Sinoussi,female,1947-07-30,,Paris,France,Europe,1/4,2,for their discovery of human immunodeficiency virus,"Regulation of Retroviral Infections Unit, Virology Department, Institut Pasteur — Paris, France",received,2008-10-06,10000000,13817016,https://www.nobelprize.org/laureate/824,https://www.nobelprize.org/prizes/medicine/2008/summary/,https://en.wikipedia.org/wiki/Françoise_Barré-Sinoussi,https://www.wikidata.org/wiki/Q103844,https://api.nobelprize.org/2/laureate/824
825,2008,Medicina,person,Luc Montagnier,Luc,Montagnier,male,1932-08-18,2022-02-08,Chabris,France,Europe,1/4,3,for their discovery of human immunodeficiency virus,"World Foundation for AIDS Research and Prevention — Paris, France",received,2008-10-06,10000000,13817016,https://www.nobelprize.org/laureate/825,https://www.nobelprize.org/prizes/medicine/2008/summary/,https://en.wikipedia.org/wiki/Luc_Montagnier,https://www.wikidata.org/wiki/Q103598,https://api.nobelprize.org/2/laureate/825
834,2008,Ciencias Económicas,person,Paul Krugman,Paul,Krugman,male,1953-02-28,,"New York, NY",USA,North America,1,1,for his analysis of trade patterns and location of economic activity,"Princeton University — Princeton, NJ, USA",received,2008-10-13,10000000,13817016,https://www.nobelprize.org/laureate/834,https://www.nobelprize.org/prizes/economic-sciences/2008/summary/,https://en.wikipedia.org/wiki/Paul_Krugman,https://www.wikidata.org/wiki/Q131112,https://api.nobelprize.org/2/laureate/834
833,2008,Paz,person,Martti Ahtisaari,Martti,Ahtisaari,male,1937-06-23,2023-10-16,Viipuri,Finland,Europe,1,1,"for his important efforts, on several continents and over more than three decades, to resolve international conflicts",,received,2008-10-10,10000000,13817016,https://www.nobelprize.org/laureate/833,https://www.nobelprize.org/prizes/peace/2008/summary/,https://en.wikipedia.org/wiki/Martti_Ahtisaari,https://www.wikidata.org/wiki/Q29230,https://api.nobelprize.org/2/laureate/833
832,2008,Literatura,person,Jean-Marie Gustave Le Clézio,Jean-Marie Gustave,Le Clézio,male,1940-04-13,,Nice,France,Europe,1,1,"author of new departures, poetic adventure and sensual ecstasy, explorer of a humanity beyond and below the reigning civilization",,received,2008-10-09,10000000,13817016,https://www.nobelprize.org/laureate/832,https://www.nobelprize.org/prizes/literature/2008/summary/,https://en.wikipedia.org/wiki/J._M._G._Le_Clézio,https://www.wikidata.org/wiki/Q7884119,https://api.nobelprize.org/2/laureate/832
814,2007,Física,person,Albert Fert,Albert,Fert,male,1938-03-07,,Carcassonne,France,Europe,1/2,1,for the discovery of Giant Magnetoresistance,"Universit&eacute; Paris-Sud — Orsay, France | Unit&eacute; Mixte de Physique CNRS/THALES — Orsay, France",received,2007-10-09,10000000,14291742,https://www.nobelprize.org/laureate/814,https://www.nobelprize.org/prizes/physics/2007/summary/,https://en.wikipedia.org/wiki/Albert_Fert,https://www.wikidata.org/wiki/Q153219,https://api.nobelprize.org/2/laureate/814
815,2007,Física,person,Peter Grünberg,Peter,Grünberg,male,1939-05-18,2018-04-09,Plzen,Czechoslovakia,Europe,1/2,2,for the discovery of Giant Magnetoresistance,"Forschungszentrum J&uuml;lich — Jülich, Germany",received,2007-10-09,10000000,14291742,https://www.nobelprize.org/laureate/815,https://www.nobelprize.org/prizes/physics/2007/summary/,https://en.wikipedia.org/wiki/Peter_Grünberg,https://www.wikidata.org/wiki/Q57120,https://api.nobelprize.org/2/laureate/815
816,2007,Química,person,Gerhard Ertl,Gerhard,Ertl,male,1936-10-10,,Bad Cannstatt,Germany,Europe,1,1,for his studies of chemical processes on solid surfaces,"Fritz-Haber-Institut der Max-Planck-Gesellschaft — Berlin, Germany",received,2007-10-10,10000000,14291742,https://www.nobelprize.org/laureate/816,https://www.nobelprize.org/prizes/chemistry/2007/summary/,https://en.wikipedia.org/wiki/Gerhard_Ertl,https://www.wikidata.org/wiki/Q60066,https://api.nobelprize.org/2/laureate/816
811,2007,Medicina,person,Mario R. Capecchi,Mario R.,Capecchi,male,1937-10-06,,Verona,Italy,Europe,1/3,1,for their discoveries of principles for introducing specific gene modifications in mice by the use of embryonic stem cells,"University of Utah — Salt Lake City, UT, USA | Howard Hughes Medical Institute — USA",received,2007-10-08,10000000,14291742,https://www.nobelprize.org/laureate/811,https://www.nobelprize.org/prizes/medicine/2007/summary/,https://en.wikipedia.org/wiki/Mario_Capecchi,https://www.wikidata.org/wiki/Q215574,https://api.nobelprize.org/2/laureate/811
812,2007,Medicina,person,Sir Martin J. Evans,Sir Martin J.,Evans,male,1941-01-01,,Stroud,United Kingdom,Europe,1/3,2,for their discoveries of principles for introducing specific gene modifications in mice by the use of embryonic stem cells,"Cardiff University — Cardiff, United Kingdom",received,2007-10-08,10000000,14291742,https://www.nobelprize.org/laureate/812,https://www.nobelprize.org/prizes/medicine/2007/summary/,https://en.wikipedia.org/wiki/Martin_Evans,https://www.wikidata.org/wiki/Q207719,https://api.nobelprize.org/2/laureate/812
813,2007,Medicina,person,Oliver Smithies,Oliver,Smithies,male,1925-06-23,2017-01-10,Halifax,United Kingdom,Europe,1/3,3,for their discoveries of principles for introducing specific gene modifications in mice by the use of embryonic stem cells,"University of North Carolina — Chapel Hill, NC, USA",received,2007-10-08,10000000,14291742,https://www.nobelprize.org/laureate/813,https://www.nobelprize.org/prizes/medicine/2007/summary/,https://en.wikipedia.org/wiki/Oliver_Smithies,https://www.wikidata.org/wiki/Q216318,https://api.nobelprize.org/2/laureate/813
820,2007,Ciencias Económicas,person,Leonid Hurwicz,Leonid,Hurwicz,male,1917-08-21,2008-06-24,Moscow,Russia,Europe,1/3,1,for having laid the foundations of mechanism design theory,"University of Minnesota — Minneapolis, MN, USA",received,2007-10-15,10000000,14291742,https://www.nobelprize.org/laureate/820,https://www.nobelprize.org/prizes/economic-sciences/2007/summary/,https://en.wikipedia.org/wiki/Leonid_Hurwicz,https://www.wikidata.org/wiki/Q157262,https://api.nobelprize.org/2/laureate/820
821,2007,Ciencias Económicas,person,Eric S. Maskin,Eric S.,Maskin,male,1950-12-12,,"New York, NY",USA,North America,1/3,2,for having laid the foundations of mechanism design theory,"Institute for Advanced Study — Princeton, NJ, USA",received,2007-10-15,10000000,14291742,https://www.nobelprize.org/laureate/821,https://www.nobelprize.org/prizes/economic-sciences/2007/summary/,https://en.wikipedia.org/wiki/Eric_Maskin,https://www.wikidata.org/wiki/Q233051,https://api.nobelprize.org/2/laureate/821
822,2007,Ciencias Económicas,person,Roger B. Myerson,Roger B.,Myerson,male,1951-03-29,,"Boston, MA",USA,North America,1/3,3,for having laid the foundations of mechanism design theory,"University of Chicago — Chicago, IL, USA",received,2007-10-15,10000000,14291742,https://www.nobelprize.org/laureate/822,https://www.nobelprize.org/prizes/economic-sciences/2007/summary/,https://en.wikipedia.org/wiki/Roger_Myerson,https://www.wikidata.org/wiki/Q232949,https://api.nobelprize.org/2/laureate/822
818,2007,Paz,organization,Intergovernmental Panel on Climate Change,,,,1988-00-00,,"New York, NY",USA,North America,1/2,1,"for their efforts to build up and disseminate greater knowledge about man-made climate change, and to lay the foundations for the measures that are needed to counteract such change",,received,2007-10-12,10000000,14291742,https://www.nobelprize.org/laureate/818,https://www.nobelprize.org/prizes/peace/2007/summary/,https://en.wikipedia.org/wiki/Intergovernmental_Panel_on_Climate_Change,https://www.wikidata.org/wiki/Q171183,https://api.nobelprize.org/2/laureate/818
819,2007,Paz,person,Al Gore,Al,Gore,male,1948-03-31,,"Washington, D.C.",USA,North America,1/2,2,"for their efforts to build up and disseminate greater knowledge about man-made climate change, and to lay the foundations for the measures that are needed to counteract such change",,received,2007-10-12,10000000,14291742,https://www.nobelprize.org/laureate/819,https://www.nobelprize.org/prizes/peace/2007/summary/,https://en.wikipedia.org/wiki/Al_Gore,https://www.wikidata.org/wiki/Q19673,https://api.nobelprize.org/2/laureate/819
817,2007,Literatura,person,Doris Lessing,Doris,Lessing,female,1919-10-22,2013-11-17,Kermanshah,Persia,Asia,1,1,"that epicist of the female experience, who with scepticism, fire and visionary power has subjected a divided civilisation to scrutiny",,received,2007-10-11,10000000,14291742,https://www.nobelprize.org/laureate/817,https://www.nobelprize.org/prizes/literature/2007/summary/,https://en.wikipedia.org/wiki/Doris_Lessing,https://www.wikidata.org/wiki/Q40874,https://api.nobelprize.org/2/laureate/817
804,2006,Física,person,John C. Mather,John C.,Mather,male,1946-08-07,,"Roanoke, VA",USA,North America,1/2,1,for their discovery of the blackbody form and anisotropy of the cosmic microwave background radiation,"NASA Goddard Space Flight Center — Greenbelt, MD, USA",received,2006-10-03,10000000,14608749,https://www.nobelprize.org/laureate/804,https://www.nobelprize.org/prizes/physics/2006/summary/,https://en.wikipedia.org/wiki/John_C._Mather,https://www.wikidata.org/wiki/Q104651,https://api.nobelprize.org/2/laureate/804
805,2006,Física,person,George F. Smoot,George F.,Smoot,male,1945-02-20,2025-09-18,"Yukon, FL",USA,North America,1/2,2,for their discovery of the blackbody form and anisotropy of the cosmic microwave background radiation,"University of California — Berkeley, CA, USA",received,2006-10-03,10000000,14608749,https://www.nobelprize.org/laureate/805,https://www.nobelprize.org/prizes/physics/2006/summary/,https://en.wikipedia.org/wiki/George_Smoot,https://www.wikidata.org/wiki/Q179572,https://api.nobelprize.org/2/laureate/805
806,2006,Química,person,Roger D. Kornberg,Roger D.,Kornberg,male,1947-04-24,,"St. Louis, MO",USA,North America,1,1,for his studies of the molecular basis of eukaryotic transcription,"Stanford University — Stanford, CA, USA",received,2006-10-04,10000000,14608749,https://www.nobelprize.org/laureate/806,https://www.nobelprize.org/prizes/chemistry/2006/summary/,https://en.wikipedia.org/wiki/Roger_D._Kornberg,https://www.wikidata.org/wiki/Q170676,https://api.nobelprize.org/2/laureate/806
802,2006,Medicina,person,Andrew Z. Fire,Andrew Z.,Fire,male,1959-04-27,,"Stanford, CA",USA,North America,1/2,1,for their discovery of RNA interference - gene silencing by double-stranded RNA,"Stanford University School of Medicine — Stanford, CA, USA",received,2006-10-02,10000000,14608749,https://www.nobelprize.org/laureate/802,https://www.nobelprize.org/prizes/medicine/2006/summary/,https://en.wikipedia.org/wiki/Andrew_Fire,https://www.wikidata.org/wiki/Q202152,https://api.nobelprize.org/2/laureate/802
803,2006,Medicina,person,Craig C. Mello,Craig C.,Mello,male,1960-10-18,,"New Haven, CT",USA,North America,1/2,2,for their discovery of RNA interference - gene silencing by double-stranded RNA,"University of Massachusetts Medical School — Worcester, MA, USA",received,2006-10-02,10000000,14608749,https://www.nobelprize.org/laureate/803,https://www.nobelprize.org/prizes/medicine/2006/summary/,https://en.wikipedia.org/wiki/Craig_Mello,https://www.wikidata.org/wiki/Q206455,https://api.nobelprize.org/2/laureate/803
807,2006,Ciencias Económicas,person,Edmund S. Phelps,Edmund S.,Phelps,male,1933-07-26,2026-05-15,"Evanston, IL",USA,North America,1,1,for his analysis of intertemporal tradeoffs in macroeconomic policy,"Columbia University — New York, NY, USA",received,2006-10-09,10000000,14608749,https://www.nobelprize.org/laureate/807,https://www.nobelprize.org/prizes/economic-sciences/2006/summary/,https://en.wikipedia.org/wiki/Edmund_Phelps,https://www.wikidata.org/wiki/Q192566,https://api.nobelprize.org/2/laureate/807
809,2006,Paz,person,Muhammad Yunus,Muhammad,Yunus,male,1940-06-28,,Chittagong,British India,Asia,1/2,1,for their efforts to create economic and social development from below,,received,2006-10-13,10000000,14608749,https://www.nobelprize.org/laureate/809,https://www.nobelprize.org/prizes/peace/2006/summary/,https://en.wikipedia.org/wiki/Muhammad_Yunus,https://www.wikidata.org/wiki/Q43969,https://api.nobelprize.org/2/laureate/809
810,2006,Paz,organization,Grameen Bank,,,,1976-00-00,,Dhaka,Bangladesh,Asia,1/2,2,for their efforts to create economic and social development from below,,received,2006-10-13,10000000,14608749,https://www.nobelprize.org/laureate/810,https://www.nobelprize.org/prizes/peace/2006/summary/,https://en.wikipedia.org/wiki/Grameen_Bank,https://www.wikidata.org/wiki/Q188567,https://api.nobelprize.org/2/laureate/810
808,2006,Literatura,person,Orhan Pamuk,Orhan,Pamuk,male,1952-06-07,,Istanbul,Turkey,Asia,1,1,who in the quest for the melancholic soul of his native city has discovered new symbols for the clash and interlacing of cultures,,received,2006-10-12,10000000,14608749,https://www.nobelprize.org/laureate/808,https://www.nobelprize.org/prizes/literature/2006/summary/,https://en.wikipedia.org/wiki/Orhan_Pamuk,https://www.wikidata.org/wiki/Q241248,https://api.nobelprize.org/2/laureate/808
791,2005,Física,person,Roy J. Glauber,Roy J.,Glauber,male,1925-09-01,2018-12-26,"New York, NY",USA,North America,1/2,1,for his contribution to the quantum theory of optical coherence,"Harvard University — Cambridge, MA, USA",received,2005-10-04,10000000,14809494,https://www.nobelprize.org/laureate/791,https://www.nobelprize.org/prizes/physics/2005/summary/,https://en.wikipedia.org/wiki/Roy_J._Glauber,https://www.wikidata.org/wiki/Q64188,https://api.nobelprize.org/2/laureate/791
792,2005,Física,person,John L. Hall,John L.,Hall,male,1934-08-21,,"Denver, CO",USA,North America,1/4,2,"for their contributions to the development of laser-based precision spectroscopy, including the optical frequency comb technique","University of Colorado, JILA — Boulder, CO, USA | National Institute of Standards and Technology — Boulder, CO, USA",received,2005-10-04,10000000,14809494,https://www.nobelprize.org/laureate/792,https://www.nobelprize.org/prizes/physics/2005/summary/,https://en.wikipedia.org/wiki/John_L._Hall,https://www.wikidata.org/wiki/Q206390,https://api.nobelprize.org/2/laureate/792
793,2005,Física,person,Theodor W. Hänsch,Theodor W.,Hänsch,male,1941-10-30,,Heidelberg,Germany,Europe,1/4,3,"for their contributions to the development of laser-based precision spectroscopy, including the optical frequency comb technique","Max Planck Institute of Quantum Optics — Garching, Germany | Ludwig-Maximilians-Universität München — Munich, Germany",received,2005-10-04,10000000,14809494,https://www.nobelprize.org/laureate/793,https://www.nobelprize.org/prizes/physics/2005/summary/,https://en.wikipedia.org/wiki/Theodor_W._Hänsch,https://www.wikidata.org/wiki/Q71013,https://api.nobelprize.org/2/laureate/793
794,2005,Química,person,Yves Chauvin,Yves,Chauvin,male,1930-10-10,2015-01-27,Menin,Belgium,Europe,1/3,1,for the development of the metathesis method in organic synthesis,"Institut Français du Pétrole — Rueil-Malmaison, France",received,2005-10-05,10000000,14809494,https://www.nobelprize.org/laureate/794,https://www.nobelprize.org/prizes/chemistry/2005/summary/,https://en.wikipedia.org/wiki/Yves_Chauvin,https://www.wikidata.org/wiki/Q202146,https://api.nobelprize.org/2/laureate/794
795,2005,Química,person,Robert H. Grubbs,Robert H.,Grubbs,male,1942-02-27,2021-12-19,"Possum Trot, KY",USA,North America,1/3,2,for the development of the metathesis method in organic synthesis,"California Institute of Technology (Caltech) — Pasadena, CA, USA",received,2005-10-05,10000000,14809494,https://www.nobelprize.org/laureate/795,https://www.nobelprize.org/prizes/chemistry/2005/summary/,https://en.wikipedia.org/wiki/Robert_H._Grubbs,https://www.wikidata.org/wiki/Q202140,https://api.nobelprize.org/2/laureate/795
796,2005,Química,person,Richard R. Schrock,Richard R.,Schrock,male,1945-01-04,,"Berne, IN",USA,North America,1/3,3,for the development of the metathesis method in organic synthesis,"Massachusetts Institute of Technology (MIT) — Cambridge, MA, USA",received,2005-10-05,10000000,14809494,https://www.nobelprize.org/laureate/796,https://www.nobelprize.org/prizes/chemistry/2005/summary/,https://en.wikipedia.org/wiki/Richard_R._Schrock,https://www.wikidata.org/wiki/Q202159,https://api.nobelprize.org/2/laureate/796
789,2005,Medicina,person,Barry J. Marshall,Barry J.,Marshall,male,1951-09-30,,Kalgoorlie,Australia,Oceania,1/2,1,for their discovery of the bacterium <i>Helicobacter pylori</i> and its role in gastritis and peptic ulcer disease,"NHMRC Helicobacter pylori Research Laboratory, QEII Medical Centre — Nedlands, Australia | University of Western Australia — Perth, Australia",received,2005-10-03,10000000,14809494,https://www.nobelprize.org/laureate/789,https://www.nobelprize.org/prizes/medicine/2005/summary/,https://en.wikipedia.org/wiki/Barry_Marshall,https://www.wikidata.org/wiki/Q202136,https://api.nobelprize.org/2/laureate/789
790,2005,Medicina,person,J. Robin Warren,J. Robin,Warren,male,1937-06-11,2024-07-23,Adelaide,Australia,Oceania,1/2,2,for their discovery of the bacterium <i>Helicobacter pylori</i> and its role in gastritis and peptic ulcer disease,,received,2005-10-03,10000000,14809494,https://www.nobelprize.org/laureate/790,https://www.nobelprize.org/prizes/medicine/2005/summary/,https://en.wikipedia.org/wiki/Robin_Warren,https://www.wikidata.org/wiki/Q208670,https://api.nobelprize.org/2/laureate/790
799,2005,Ciencias Económicas,person,Robert J. Aumann,Robert J.,Aumann,male,1930-06-08,,Frankfurt-on-the-Main,Germany,Europe,1/2,1,for having enhanced our understanding of conflict and cooperation through game-theory analysis,"University of Jerusalem, Center for RationalityHebrew — Jerusalem, Israel",received,2005-10-10,10000000,14809494,https://www.nobelprize.org/laureate/799,https://www.nobelprize.org/prizes/economic-sciences/2005/summary/,https://en.wikipedia.org/wiki/Robert_Aumann,https://www.wikidata.org/wiki/Q157235,https://api.nobelprize.org/2/laureate/799
800,2005,Ciencias Económicas,person,Thomas C. Schelling,Thomas C.,Schelling,male,1921-04-14,2016-12-13,"Oakland, CA",USA,North America,1/2,2,for having enhanced our understanding of conflict and cooperation through game-theory analysis,"University of Maryland, Department of Economics and School of Public Policy — College Park, MD, USA",received,2005-10-10,10000000,14809494,https://www.nobelprize.org/laureate/800,https://www.nobelprize.org/prizes/economic-sciences/2005/summary/,https://en.wikipedia.org/wiki/Thomas_Schelling,https://www.wikidata.org/wiki/Q206460,https://api.nobelprize.org/2/laureate/800
797,2005,Paz,organization,International Atomic Energy Agency,,,,1957-00-00,,Vienna,Austria,Europe,1/2,1,for their efforts to prevent nuclear energy from being used for military purposes and to ensure that nuclear energy for peaceful purposes is used in the safest possible way,,received,2005-10-07,10000000,14809494,https://www.nobelprize.org/laureate/797,https://www.nobelprize.org/prizes/peace/2005/summary/,https://en.wikipedia.org/wiki/International_Atomic_Energy_Agency,https://www.wikidata.org/wiki/Q41984,https://api.nobelprize.org/2/laureate/797
798,2005,Paz,person,Mohamed ElBaradei,Mohamed,ElBaradei,male,1942-06-17,,Cairo,Egypt,Africa,1/2,2,for their efforts to prevent nuclear energy from being used for military purposes and to ensure that nuclear energy for peaceful purposes is used in the safest possible way,,received,2005-10-07,10000000,14809494,https://www.nobelprize.org/laureate/798,https://www.nobelprize.org/prizes/peace/2005/summary/,https://en.wikipedia.org/wiki/Mohamed_ElBaradei,https://www.wikidata.org/wiki/Q133308,https://api.nobelprize.org/2/laureate/798
801,2005,Literatura,person,Harold Pinter,Harold,Pinter,male,1930-10-10,2008-12-24,London,United Kingdom,Europe,1,1,who in his plays uncovers the precipice under everyday prattle and forces entry into oppression's closed rooms,,received,2005-10-13,10000000,14809494,https://www.nobelprize.org/laureate/801,https://www.nobelprize.org/prizes/literature/2005/summary/,https://en.wikipedia.org/wiki/Harold_Pinter,https://www.wikidata.org/wiki/Q41042,https://api.nobelprize.org/2/laureate/801
776,2004,Física,person,David J. Gross,David J.,Gross,male,1941-02-19,,"Washington, D.C.",USA,North America,1/3,1,for the discovery of asymptotic freedom in the theory of the strong interaction,"University of California, Kavli Institute for Theoretical Physics — Santa Barbara, CA, USA",received,2004-10-05,10000000,14874529,https://www.nobelprize.org/laureate/776,https://www.nobelprize.org/prizes/physics/2004/summary/,https://en.wikipedia.org/wiki/David_Gross,https://www.wikidata.org/wiki/Q40262,https://api.nobelprize.org/2/laureate/776
777,2004,Física,person,H. David Politzer,H. David,Politzer,male,1949-08-31,,"New York, NY",USA,North America,1/3,2,for the discovery of asymptotic freedom in the theory of the strong interaction,"California Institute of Technology (Caltech) — Pasadena, CA, USA",received,2004-10-05,10000000,14874529,https://www.nobelprize.org/laureate/777,https://www.nobelprize.org/prizes/physics/2004/summary/,https://en.wikipedia.org/wiki/Hugh_David_Politzer,https://www.wikidata.org/wiki/Q107407,https://api.nobelprize.org/2/laureate/777
778,2004,Física,person,Frank Wilczek,Frank,Wilczek,male,1951-05-15,,"New York, NY",USA,North America,1/3,3,for the discovery of asymptotic freedom in the theory of the strong interaction,"Massachusetts Institute of Technology (MIT) — Cambridge, MA, USA",received,2004-10-05,10000000,14874529,https://www.nobelprize.org/laureate/778,https://www.nobelprize.org/prizes/physics/2004/summary/,https://en.wikipedia.org/wiki/Frank_Wilczek,https://www.wikidata.org/wiki/Q107450,https://api.nobelprize.org/2/laureate/778
779,2004,Química,person,Aaron Ciechanover,Aaron,Ciechanover,male,1947-10-01,,Haifa,British Protectorate of Palestine,Asia,1/3,1,for the discovery of ubiquitin-mediated protein degradation,"Technion - Israel Institute of Technology — Haifa, Israel",received,2004-10-06,10000000,14874529,https://www.nobelprize.org/laureate/779,https://www.nobelprize.org/prizes/chemistry/2004/summary/,https://en.wikipedia.org/wiki/Aaron_Ciechanover,https://www.wikidata.org/wiki/Q233205,https://api.nobelprize.org/2/laureate/779
780,2004,Química,person,Avram Hershko,Avram,Hershko,male,1937-12-31,,Karcag,Hungary,Europe,1/3,2,for the discovery of ubiquitin-mediated protein degradation,"Technion - Israel Institute of Technology — Haifa, Israel",received,2004-10-06,10000000,14874529,https://www.nobelprize.org/laureate/780,https://www.nobelprize.org/prizes/chemistry/2004/summary/,https://en.wikipedia.org/wiki/Avram_Hershko,https://www.wikidata.org/wiki/Q232302,https://api.nobelprize.org/2/laureate/780
781,2004,Química,person,Irwin Rose,Irwin,Rose,male,1926-07-16,2015-06-03,"Brooklyn, NY",USA,North America,1/3,3,for the discovery of ubiquitin-mediated protein degradation,"University of California — Irvine, CA, USA",received,2004-10-06,10000000,14874529,https://www.nobelprize.org/laureate/781,https://www.nobelprize.org/prizes/chemistry/2004/summary/,https://en.wikipedia.org/wiki/Irwin_Rose,https://www.wikidata.org/wiki/Q230652,https://api.nobelprize.org/2/laureate/781
774,2004,Medicina,person,Richard Axel,Richard,Axel,male,1946-07-02,,"New York, NY",USA,North America,1/2,1,for their discoveries of odorant receptors and the organization of the olfactory system,"Columbia University — New York, NY, USA",received,2004-10-04,10000000,14874529,https://www.nobelprize.org/laureate/774,https://www.nobelprize.org/prizes/medicine/2004/summary/,https://en.wikipedia.org/wiki/Richard_Axel,https://www.wikidata.org/wiki/Q211940,https://api.nobelprize.org/2/laureate/774
775,2004,Medicina,person,Linda B. Buck,Linda B.,Buck,female,1947-01-29,,"Seattle, WA",USA,North America,1/2,2,for their discoveries of odorant receptors and the organization of the olfactory system,"Fred Hutchinson Cancer Research Center — Seattle, WA, USA",received,2004-10-04,10000000,14874529,https://www.nobelprize.org/laureate/775,https://www.nobelprize.org/prizes/medicine/2004/summary/,https://en.wikipedia.org/wiki/Linda_B._Buck,https://www.wikidata.org/wiki/Q200136,https://api.nobelprize.org/2/laureate/775
786,2004,Ciencias Económicas,person,Finn E. Kydland,Finn E.,Kydland,male,1943-12-01,,Gjesdal,Norway,Europe,1/2,1,for their contributions to dynamic macroeconomics: the time consistency of economic policy and the driving forces behind business cycles,"Carnegie Mellon University — Pittsburgh, PA, USA | University of California — Santa Barbara, CA, USA",received,2004-10-11,10000000,14874529,https://www.nobelprize.org/laureate/786,https://www.nobelprize.org/prizes/economic-sciences/2004/summary/,https://en.wikipedia.org/wiki/Finn_E._Kydland,https://www.wikidata.org/wiki/Q211097,https://api.nobelprize.org/2/laureate/786
787,2004,Ciencias Económicas,person,Edward C. Prescott,Edward C.,Prescott,male,1940-12-26,2022-11-06,"Glens Falls, NY",USA,North America,1/2,2,for their contributions to dynamic macroeconomics: the time consistency of economic policy and the driving forces behind business cycles,"Arizona State University — Tempe, AZ, USA | Federal Reserve Bank of Minneapolis — Minneapolis, MN, USA",received,2004-10-11,10000000,14874529,https://www.nobelprize.org/laureate/787,https://www.nobelprize.org/prizes/economic-sciences/2004/summary/,https://en.wikipedia.org/wiki/Edward_C._Prescott,https://www.wikidata.org/wiki/Q312585,https://api.nobelprize.org/2/laureate/787
783,2004,Paz,person,Wangari Maathai,Wangari,Maathai,female,1940-04-01,2011-09-25,Nyeri,Kenya,Africa,1,1,"for her contribution to sustainable development, democracy and peace",,received,2004-10-08,10000000,14874529,https://www.nobelprize.org/laureate/783,https://www.nobelprize.org/prizes/peace/2004/summary/,https://en.wikipedia.org/wiki/Wangari_Maathai,https://www.wikidata.org/wiki/Q46795,https://api.nobelprize.org/2/laureate/783
782,2004,Literatura,person,Elfriede Jelinek,Elfriede,Jelinek,female,1946-10-20,,Mürzzuschlag,Austria,Europe,1,1,for her musical flow of voices and counter-voices in novels and plays that with extraordinary linguistic zeal reveal the absurdity of society's clich&eacute;s and their subjugating power,,received,2004-10-07,10000000,14874529,https://www.nobelprize.org/laureate/782,https://www.nobelprize.org/prizes/literature/2004/summary/,https://en.wikipedia.org/wiki/Elfriede_Jelinek,https://www.wikidata.org/wiki/Q47243,https://api.nobelprize.org/2/laureate/782
766,2003,Física,person,Alexei Abrikosov,Alexei,Abrikosov,male,1928-06-25,2017-03-29,Moscow,USSR,Europe,1/3,1,for pioneering contributions to the theory of superconductors and superfluids,"Argonne National Laboratory — Argonne, IL, USA",received,2003-10-07,10000000,14930730,https://www.nobelprize.org/laureate/766,https://www.nobelprize.org/prizes/physics/2003/summary/,https://en.wikipedia.org/wiki/Alexei_Alexeyevich_Abrikosov,https://www.wikidata.org/wiki/Q188128,https://api.nobelprize.org/2/laureate/766
767,2003,Física,person,Vitaly L. Ginzburg,Vitaly L.,Ginzburg,male,1916-10-04,2009-11-08,Moscow,Russia,Europe,1/3,2,for pioneering contributions to the theory of superconductors and superfluids,"P.N. Lebedev Physical Institute — Moscow, Russia",received,2003-10-07,10000000,14930730,https://www.nobelprize.org/laureate/767,https://www.nobelprize.org/prizes/physics/2003/summary/,https://en.wikipedia.org/wiki/Vitaly_Ginzburg,https://www.wikidata.org/wiki/Q104668,https://api.nobelprize.org/2/laureate/767
768,2003,Física,person,Anthony J. Leggett,Anthony J.,Leggett,male,1938-03-26,2026-03-08,London,United Kingdom,Europe,1/3,3,for pioneering contributions to the theory of superconductors and superfluids,"University of Illinois — Urbana, IL, USA",received,2003-10-07,10000000,14930730,https://www.nobelprize.org/laureate/768,https://www.nobelprize.org/prizes/physics/2003/summary/,https://en.wikipedia.org/wiki/Anthony_James_Leggett,https://www.wikidata.org/wiki/Q192718,https://api.nobelprize.org/2/laureate/768
769,2003,Química,person,Peter Agre,Peter,Agre,male,1949-01-30,,"Northfield, MN",USA,North America,1/2,1,for the discovery of water channels,"Johns Hopkins University School of Medicine — Baltimore, MD, USA",received,2003-10-08,10000000,14930730,https://www.nobelprize.org/laureate/769,https://www.nobelprize.org/prizes/chemistry/2003/summary/,https://en.wikipedia.org/wiki/Peter_Agre,https://www.wikidata.org/wiki/Q102250,https://api.nobelprize.org/2/laureate/769
770,2003,Química,person,Roderick MacKinnon,Roderick,MacKinnon,male,1956-02-19,,"Burlington, MA",USA,North America,1/2,2,for structural and mechanistic studies of ion channels,"Rockefeller University — New York, NY, USA | Howard Hughes Medical Institute — USA",received,2003-10-08,10000000,14930730,https://www.nobelprize.org/laureate/770,https://www.nobelprize.org/prizes/chemistry/2003/summary/,https://en.wikipedia.org/wiki/Roderick_MacKinnon,https://www.wikidata.org/wiki/Q211482,https://api.nobelprize.org/2/laureate/770
764,2003,Medicina,person,Paul C. Lauterbur,Paul C.,Lauterbur,male,1929-05-06,2007-03-27,"Sidney, OH",USA,North America,1/2,1,for their discoveries concerning magnetic resonance imaging,"University of Illinois — Urbana, IL, USA",received,2003-10-06,10000000,14930730,https://www.nobelprize.org/laureate/764,https://www.nobelprize.org/prizes/medicine/2003/summary/,https://en.wikipedia.org/wiki/Paul_Lauterbur,https://www.wikidata.org/wiki/Q106547,https://api.nobelprize.org/2/laureate/764
765,2003,Medicina,person,Sir Peter Mansfield,Sir Peter,Mansfield,male,1933-10-09,2017-02-08,London,United Kingdom,Europe,1/2,2,for their discoveries concerning magnetic resonance imaging,"University of Nottingham, School of Physics and Astronomy — Nottingham, United Kingdom",received,2003-10-06,10000000,14930730,https://www.nobelprize.org/laureate/765,https://www.nobelprize.org/prizes/medicine/2003/summary/,https://en.wikipedia.org/wiki/Peter_Mansfield,https://www.wikidata.org/wiki/Q243601,https://api.nobelprize.org/2/laureate/765
771,2003,Ciencias Económicas,person,Robert F. Engle III,Robert F.,Engle III,male,1942-11-10,,"Syracuse, NY",USA,North America,1/2,1,for methods of analyzing economic time series with time-varying volatility (ARCH),"New York University — New York, NY, USA",received,2003-10-08,10000000,14930730,https://www.nobelprize.org/laureate/771,https://www.nobelprize.org/prizes/economic-sciences/2003/summary/,https://en.wikipedia.org/wiki/Robert_F._Engle,https://www.wikidata.org/wiki/Q295653,https://api.nobelprize.org/2/laureate/771
772,2003,Ciencias Económicas,person,Clive W.J. Granger,Clive W.J.,Granger,male,1934-09-04,2009-05-27,Swansea,United Kingdom,Europe,1/2,2,for methods of analyzing economic time series with common trends (cointegration),"University of California — San Diego, CA, USA",received,2003-10-08,10000000,14930730,https://www.nobelprize.org/laureate/772,https://www.nobelprize.org/prizes/economic-sciences/2003/summary/,https://en.wikipedia.org/wiki/Clive_Granger,https://www.wikidata.org/wiki/Q312575,https://api.nobelprize.org/2/laureate/772
773,2003,Paz,person,Shirin Ebadi,Shirin,Ebadi,female,1947-06-21,,Hamadan,Iran,Asia,1,1,for her efforts for democracy and human rights. She has focused especially on the struggle for the rights of women and children,,received,2003-10-10,10000000,14930730,https://www.nobelprize.org/laureate/773,https://www.nobelprize.org/prizes/peace/2003/summary/,https://en.wikipedia.org/wiki/Shirin_Ebadi,https://www.wikidata.org/wiki/Q131152,https://api.nobelprize.org/2/laureate/773
763,2003,Literatura,person,J. M. Coetzee,J. M.,Coetzee,male,1940-02-09,,Cape Town,South Africa,Africa,1,1,who in innumerable guises portrays the surprising involvement of the outsider,,received,2003-10-02,10000000,14930730,https://www.nobelprize.org/laureate/763,https://www.nobelprize.org/prizes/literature/2003/summary/,https://en.wikipedia.org/wiki/J._M._Coetzee,https://www.wikidata.org/wiki/Q43293,https://api.nobelprize.org/2/laureate/763
753,2002,Física,person,Raymond Davis Jr.,Raymond,Davis Jr.,male,1914-10-14,2006-05-31,"Washington, D.C.",USA,North America,1/4,1,"for pioneering contributions to astrophysics, in particular for the detection of cosmic neutrinos","University of Pennsylvania — Philadelphia, PA, USA",received,2002-10-08,10000000,15218228,https://www.nobelprize.org/laureate/753,https://www.nobelprize.org/prizes/physics/2002/summary/,"https://en.wikipedia.org/wiki/Raymond_Davis,_Jr.",https://www.wikidata.org/wiki/Q175519,https://api.nobelprize.org/2/laureate/753
754,2002,Física,person,Masatoshi Koshiba,Masatoshi,Koshiba,male,1926-09-19,2020-11-12,Toyohashi,Japan,Asia,1/4,2,"for pioneering contributions to astrophysics, in particular for the detection of cosmic neutrinos","University of Tokyo — Tokyo, Japan",received,2002-10-08,10000000,15218228,https://www.nobelprize.org/laureate/754,https://www.nobelprize.org/prizes/physics/2002/summary/,https://en.wikipedia.org/wiki/Masatoshi_Koshiba,https://www.wikidata.org/wiki/Q155773,https://api.nobelprize.org/2/laureate/754
755,2002,Física,person,Riccardo Giacconi,Riccardo,Giacconi,male,1931-10-06,2018-12-16,Genoa,Italy,Europe,1/2,3,"for pioneering contributions to astrophysics, which have led to the discovery of cosmic X-ray sources","Associated Universities Inc. — Washington, D.C., USA",received,2002-10-08,10000000,15218228,https://www.nobelprize.org/laureate/755,https://www.nobelprize.org/prizes/physics/2002/summary/,https://en.wikipedia.org/wiki/Riccardo_Giacconi,https://www.wikidata.org/wiki/Q186481,https://api.nobelprize.org/2/laureate/755
756,2002,Química,person,John B. Fenn,John B.,Fenn,male,1917-06-15,2010-12-10,"New York, NY",USA,North America,1/4,1,for their development of soft desorption ionisation methods for mass spectrometric analyses of biological macromolecules,"Virginia Commonwealth University — Richmond, VA, USA",received,2002-10-09,10000000,15218228,https://www.nobelprize.org/laureate/756,https://www.nobelprize.org/prizes/chemistry/2002/summary/,https://en.wikipedia.org/wiki/John_Fenn_(chemist),https://www.wikidata.org/wiki/Q106738,https://api.nobelprize.org/2/laureate/756
757,2002,Química,person,Koichi Tanaka,Koichi,Tanaka,male,1959-08-03,,Toyama City,Japan,Asia,1/4,2,for their development of soft desorption ionisation methods for mass spectrometric analyses of biological macromolecules,"Shimadzu Corp. — Kyoto, Japan",received,2002-10-09,10000000,15218228,https://www.nobelprize.org/laureate/757,https://www.nobelprize.org/prizes/chemistry/2002/summary/,https://en.wikipedia.org/wiki/Koichi_Tanaka,https://www.wikidata.org/wiki/Q110963,https://api.nobelprize.org/2/laureate/757
758,2002,Química,person,Kurt Wüthrich,Kurt,Wüthrich,male,1938-10-04,,Aarberg,Switzerland,Europe,1/2,3,for his development of nuclear magnetic resonance spectroscopy for determining the three-dimensional structure of biological macromolecules in solution,"Eidgenössische Technische Hochschule (Swiss Federal Institute of Technology) — Zurich, Switzerland | The Scripps Research Institute — La Jolla, CA, USA",received,2002-10-09,10000000,15218228,https://www.nobelprize.org/laureate/758,https://www.nobelprize.org/prizes/chemistry/2002/summary/,https://en.wikipedia.org/wiki/Kurt_Wüthrich,https://www.wikidata.org/wiki/Q110957,https://api.nobelprize.org/2/laureate/758
750,2002,Medicina,person,Sydney Brenner,Sydney,Brenner,male,1927-01-13,2019-04-05,Germiston,South Africa,Africa,1/3,1,for their discoveries concerning genetic regulation of organ development and programmed cell death,"The Molecular Sciences Institute — Berkeley, CA, USA",received,2002-10-07,10000000,15218228,https://www.nobelprize.org/laureate/750,https://www.nobelprize.org/prizes/medicine/2002/summary/,https://en.wikipedia.org/wiki/Sydney_Brenner,https://www.wikidata.org/wiki/Q234463,https://api.nobelprize.org/2/laureate/750
751,2002,Medicina,person,H. Robert Horvitz,H. Robert,Horvitz,male,1947-05-08,,"Chicago, IL",USA,North America,1/3,2,for their discoveries concerning genetic regulation of organ development and programmed cell death,"Massachusetts Institute of Technology (MIT) — Cambridge, MA, USA",received,2002-10-07,10000000,15218228,https://www.nobelprize.org/laureate/751,https://www.nobelprize.org/prizes/medicine/2002/summary/,https://en.wikipedia.org/wiki/H._Robert_Horvitz,https://www.wikidata.org/wiki/Q295659,https://api.nobelprize.org/2/laureate/751
752,2002,Medicina,person,John E. Sulston,John E.,Sulston,male,1942-03-27,2018-03-06,Fulmer,United Kingdom,Europe,1/3,3,for their discoveries concerning genetic regulation of organ development and programmed cell death,"The Wellcome Trust Sanger Institute — Cambridge, United Kingdom",received,2002-10-07,10000000,15218228,https://www.nobelprize.org/laureate/752,https://www.nobelprize.org/prizes/medicine/2002/summary/,https://en.wikipedia.org/wiki/John_Sulston,https://www.wikidata.org/wiki/Q271532,https://api.nobelprize.org/2/laureate/752
759,2002,Ciencias Económicas,person,Daniel Kahneman,Daniel,Kahneman,male,1934-03-05,2024-03-27,Tel Aviv,British Mandate of Palestine,Asia,1/2,1,"for having integrated insights from psychological research into economic science, especially concerning human judgment and decision-making under uncertainty","Princeton University — Princeton, NJ, USA",received,2002-10-09,10000000,15218228,https://www.nobelprize.org/laureate/759,https://www.nobelprize.org/prizes/economic-sciences/2002/summary/,https://en.wikipedia.org/wiki/Daniel_Kahneman,https://www.wikidata.org/wiki/Q233950,https://api.nobelprize.org/2/laureate/759
760,2002,Ciencias Económicas,person,Vernon L. Smith,Vernon L.,Smith,male,1927-01-01,,"Wichita, KS",USA,North America,1/2,2,"for having established laboratory experiments as a tool in empirical economic analysis, especially in the study of alternative market mechanisms","George Mason University — Fairfax, VA, USA",received,2002-10-09,10000000,15218228,https://www.nobelprize.org/laureate/760,https://www.nobelprize.org/prizes/economic-sciences/2002/summary/,https://en.wikipedia.org/wiki/Vernon_L._Smith,https://www.wikidata.org/wiki/Q295717,https://api.nobelprize.org/2/laureate/760
762,2002,Paz,person,Jimmy Carter,Jimmy,Carter,male,1924-10-01,2024-12-29,"Plains, GA",USA,North America,1,1,"for his decades of untiring effort to find peaceful solutions to international conflicts, to advance democracy and human rights, and to promote economic and social development",,received,2002-10-11,10000000,15218228,https://www.nobelprize.org/laureate/762,https://www.nobelprize.org/prizes/peace/2002/summary/,https://en.wikipedia.org/wiki/Jimmy_Carter,https://www.wikidata.org/wiki/Q23685,https://api.nobelprize.org/2/laureate/762
761,2002,Literatura,person,Imre Kertész,Imre,Kertész,male,1929-11-09,2016-03-31,Budapest,Hungary,Europe,1,1,for writing that upholds the fragile experience of the individual against the barbaric arbitrariness of history,,received,2002-10-10,10000000,15218228,https://www.nobelprize.org/laureate/761,https://www.nobelprize.org/prizes/literature/2002/summary/,https://en.wikipedia.org/wiki/Imre_Kertész,https://www.wikidata.org/wiki/Q47755,https://api.nobelprize.org/2/laureate/761
738,2001,Física,person,Eric Cornell,Eric,Cornell,male,1961-12-19,,"Palo Alto, CA",USA,North America,1/3,1,"for the achievement of Bose-Einstein condensation in dilute gases of alkali atoms, and for early fundamental studies of the properties of the condensates","University of Colorado, JILA — Boulder, CO, USA",received,2001-10-09,10000000,15547541,https://www.nobelprize.org/laureate/738,https://www.nobelprize.org/prizes/physics/2001/summary/,https://en.wikipedia.org/wiki/Eric_Allin_Cornell,https://www.wikidata.org/wiki/Q205954,https://api.nobelprize.org/2/laureate/738
739,2001,Física,person,Wolfgang Ketterle,Wolfgang,Ketterle,male,1957-10-21,,Heidelberg,West Germany,Europe,1/3,2,"for the achievement of Bose-Einstein condensation in dilute gases of alkali atoms, and for early fundamental studies of the properties of the condensates","Massachusetts Institute of Technology (MIT) — Cambridge, MA, USA",received,2001-10-09,10000000,15547541,https://www.nobelprize.org/laureate/739,https://www.nobelprize.org/prizes/physics/2001/summary/,https://en.wikipedia.org/wiki/Wolfgang_Ketterle,https://www.wikidata.org/wiki/Q76462,https://api.nobelprize.org/2/laureate/739
740,2001,Física,person,Carl Wieman,Carl,Wieman,male,1951-03-26,,"Corvallis, OR",USA,North America,1/3,3,"for the achievement of Bose-Einstein condensation in dilute gases of alkali atoms, and for early fundamental studies of the properties of the condensates","University of Colorado, JILA — Boulder, CO, USA",received,2001-10-09,10000000,15547541,https://www.nobelprize.org/laureate/740,https://www.nobelprize.org/prizes/physics/2001/summary/,https://en.wikipedia.org/wiki/Carl_Wieman,https://www.wikidata.org/wiki/Q206379,https://api.nobelprize.org/2/laureate/740
741,2001,Química,person,William Knowles,William,Knowles,male,1917-06-01,2012-06-13,"Taunton, MA",USA,North America,1/4,1,for their work on chirally catalysed hydrogenation reactions,,received,2001-10-10,10000000,15547541,https://www.nobelprize.org/laureate/741,https://www.nobelprize.org/prizes/chemistry/2001/summary/,https://en.wikipedia.org/wiki/William_Standish_Knowles,https://www.wikidata.org/wiki/Q110947,https://api.nobelprize.org/2/laureate/741
742,2001,Química,person,Ryoji Noyori,Ryoji,Noyori,male,1938-09-03,,Kobe,Japan,Asia,1/4,2,for their work on chirally catalysed hydrogenation reactions,"Nagoya University — Nagoya, Japan",received,2001-10-10,10000000,15547541,https://www.nobelprize.org/laureate/742,https://www.nobelprize.org/prizes/chemistry/2001/summary/,https://en.wikipedia.org/wiki/Ryōji_Noyori,https://www.wikidata.org/wiki/Q157210,https://api.nobelprize.org/2/laureate/742
743,2001,Química,person,K. Barry Sharpless,Barry,Sharpless,male,1941-04-28,,"Philadelphia, PA",USA,North America,1/2,3,for his work on chirally catalysed oxidation reactions,"The Scripps Research Institute — La Jolla, CA, USA",received,2001-10-10,10000000,15547541,https://www.nobelprize.org/laureate/743,https://www.nobelprize.org/prizes/chemistry/2001/summary/,https://en.wikipedia.org/wiki/Karl_Barry_Sharpless,https://www.wikidata.org/wiki/Q110925,https://api.nobelprize.org/2/laureate/743
735,2001,Medicina,person,Leland Hartwell,Leland,Hartwell,male,1939-10-30,,"Los Angeles, CA",USA,North America,1/3,1,for their discoveries of key regulators of the cell cycle,"Fred Hutchinson Cancer Research Center — Seattle, WA, USA",received,2001-10-08,10000000,15547541,https://www.nobelprize.org/laureate/735,https://www.nobelprize.org/prizes/medicine/2001/summary/,https://en.wikipedia.org/wiki/Leland_H._Hartwell,https://www.wikidata.org/wiki/Q295869,https://api.nobelprize.org/2/laureate/735
736,2001,Medicina,person,Tim Hunt,Tim,Hunt,male,1943-02-19,,Neston,United Kingdom,Europe,1/3,2,for their discoveries of key regulators of the cell cycle,"Imperial Cancer Research Fund — London, United Kingdom",received,2001-10-08,10000000,15547541,https://www.nobelprize.org/laureate/736,https://www.nobelprize.org/prizes/medicine/2001/summary/,https://en.wikipedia.org/wiki/Tim_Hunt,https://www.wikidata.org/wiki/Q309977,https://api.nobelprize.org/2/laureate/736
737,2001,Medicina,person,Sir Paul Nurse,Sir Paul,Nurse,male,1949-01-25,,Norwich,United Kingdom,Europe,1/3,3,for their discoveries of key regulators of the cell cycle,"Imperial Cancer Research Fund — London, United Kingdom",received,2001-10-08,10000000,15547541,https://www.nobelprize.org/laureate/737,https://www.nobelprize.org/prizes/medicine/2001/summary/,https://en.wikipedia.org/wiki/Paul_Nurse,https://www.wikidata.org/wiki/Q219716,https://api.nobelprize.org/2/laureate/737
744,2001,Ciencias Económicas,person,George A. Akerlof,George A.,Akerlof,male,1940-06-17,,"New Haven, CT",USA,North America,1/3,1,for their analyses of markets with asymmetric information,"University of California — Berkeley, CA, USA",received,2001-10-10,10000000,15547541,https://www.nobelprize.org/laureate/744,https://www.nobelprize.org/prizes/economic-sciences/2001/summary/,https://en.wikipedia.org/wiki/George_Akerlof,https://www.wikidata.org/wiki/Q222541,https://api.nobelprize.org/2/laureate/744
745,2001,Ciencias Económicas,person,A. Michael Spence,A. Michael,Spence,male,1943-11-07,,"Montclair, NJ",USA,North America,1/3,2,for their analyses of markets with asymmetric information,"Stanford University — Stanford, CA, USA",received,2001-10-10,10000000,15547541,https://www.nobelprize.org/laureate/745,https://www.nobelprize.org/prizes/economic-sciences/2001/summary/,https://en.wikipedia.org/wiki/Michael_Spence,https://www.wikidata.org/wiki/Q157245,https://api.nobelprize.org/2/laureate/745
746,2001,Ciencias Económicas,person,Joseph E. Stiglitz,Joseph E.,Stiglitz,male,1943-02-09,,"Gary, IN",USA,North America,1/3,3,for their analyses of markets with asymmetric information,"Columbia University — New York, NY, USA",received,2001-10-10,10000000,15547541,https://www.nobelprize.org/laureate/746,https://www.nobelprize.org/prizes/economic-sciences/2001/summary/,https://en.wikipedia.org/wiki/Joseph_Stiglitz,https://www.wikidata.org/wiki/Q18430,https://api.nobelprize.org/2/laureate/746
748,2001,Paz,organization,United Nations,,,,1945-00-00,,"New York, NY",USA,North America,1/2,1,for their work for a better organized and more peaceful world,,received,2001-10-12,10000000,15547541,https://www.nobelprize.org/laureate/748,https://www.nobelprize.org/prizes/peace/2001/summary/,https://en.wikipedia.org/wiki/United_Nations,https://www.wikidata.org/wiki/Q1065,https://api.nobelprize.org/2/laureate/748
749,2001,Paz,person,Kofi Annan,Kofi,Annan,male,1938-04-08,2018-08-18,Kumasi,Gold Coast,Africa,1/2,2,for their work for a better organized and more peaceful world,,received,2001-10-12,10000000,15547541,https://www.nobelprize.org/laureate/749,https://www.nobelprize.org/prizes/peace/2001/summary/,https://en.wikipedia.org/wiki/Kofi_Annan,https://www.wikidata.org/wiki/Q1254,https://api.nobelprize.org/2/laureate/749
747,2001,Literatura,person,V. S. Naipaul,V. S.,Naipaul,male,1932-08-17,2018-08-11,Chaguanas,Trinidad and Tobago,North America,1,1,for having united perceptive narrative and incorruptible scrutiny in works that compel us to see the presence of suppressed histories,,received,2001-10-11,10000000,15547541,https://www.nobelprize.org/laureate/747,https://www.nobelprize.org/prizes/literature/2001/summary/,https://en.wikipedia.org/wiki/V._S._Naipaul,https://www.wikidata.org/wiki/Q44593,https://api.nobelprize.org/2/laureate/747
726,2000,Física,person,Zhores Alferov,Zhores,Alferov,male,1930-03-15,2019-03-01,"Vitebsk, Belorussia",USSR,Europe,1/4,1,for developing semiconductor heterostructures used in high-speed- and opto-electronics,"A.F. Ioffe Physico-Technical Institute — St. Petersburg, Russia",received,2000-10-10,9000000,14331095,https://www.nobelprize.org/laureate/726,https://www.nobelprize.org/prizes/physics/2000/summary/,https://en.wikipedia.org/wiki/Zhores_Alferov,https://www.wikidata.org/wiki/Q183279,https://api.nobelprize.org/2/laureate/726
727,2000,Física,person,Herbert Kroemer,Herbert,Kroemer,male,1928-08-25,2024-03-08,Weimar,Germany,Europe,1/4,2,for developing semiconductor heterostructures used in high-speed- and opto-electronics,"University of California — Santa Barbara, CA, USA",received,2000-10-10,9000000,14331095,https://www.nobelprize.org/laureate/727,https://www.nobelprize.org/prizes/physics/2000/summary/,https://en.wikipedia.org/wiki/Herbert_Kroemer,https://www.wikidata.org/wiki/Q71016,https://api.nobelprize.org/2/laureate/727
728,2000,Física,person,Jack Kilby,Jack,Kilby,male,1923-11-08,2005-06-20,"Jefferson City, MO",USA,North America,1/2,3,for his part in the invention of the integrated circuit,"Texas Instruments — Dallas, TX, USA",received,2000-10-10,9000000,14331095,https://www.nobelprize.org/laureate/728,https://www.nobelprize.org/prizes/physics/2000/summary/,https://en.wikipedia.org/wiki/Jack_Kilby,https://www.wikidata.org/wiki/Q182031,https://api.nobelprize.org/2/laureate/728
729,2000,Química,person,Alan Heeger,Alan,Heeger,male,1936-01-22,,"Sioux City, IA",USA,North America,1/3,1,for the discovery and development of conductive polymers,"University of California — Santa Barbara, CA, USA",received,2000-10-10,9000000,14331095,https://www.nobelprize.org/laureate/729,https://www.nobelprize.org/prizes/chemistry/2000/summary/,https://en.wikipedia.org/wiki/Alan_J._Heeger,https://www.wikidata.org/wiki/Q106751,https://api.nobelprize.org/2/laureate/729
730,2000,Química,person,Alan MacDiarmid,Alan,MacDiarmid,male,1927-04-14,2007-02-07,Masterton,New Zealand,Oceania,1/3,2,for the discovery and development of conductive polymers,"University of Pennsylvania — Philadelphia, PA, USA",received,2000-10-10,9000000,14331095,https://www.nobelprize.org/laureate/730,https://www.nobelprize.org/prizes/chemistry/2000/summary/,https://en.wikipedia.org/wiki/Alan_MacDiarmid,https://www.wikidata.org/wiki/Q110942,https://api.nobelprize.org/2/laureate/730
731,2000,Química,person,Hideki Shirakawa,Hideki,Shirakawa,male,1936-08-20,,Tokyo,Japan,Asia,1/3,3,for the discovery and development of conductive polymers,"University of Tsukuba — Tsukuba, Japan",received,2000-10-10,9000000,14331095,https://www.nobelprize.org/laureate/731,https://www.nobelprize.org/prizes/chemistry/2000/summary/,https://en.wikipedia.org/wiki/Hideki_Shirakawa,https://www.wikidata.org/wiki/Q110916,https://api.nobelprize.org/2/laureate/731
722,2000,Medicina,person,Arvid Carlsson,Arvid,Carlsson,male,1923-01-25,2018-06-29,Uppsala,Sweden,Europe,1/3,1,for their discoveries concerning signal transduction in the nervous system,"Göteborg University — Gothenburg, Sweden",received,2000-10-09,9000000,14331095,https://www.nobelprize.org/laureate/722,https://www.nobelprize.org/prizes/medicine/2000/summary/,https://en.wikipedia.org/wiki/Arvid_Carlsson,https://www.wikidata.org/wiki/Q298045,https://api.nobelprize.org/2/laureate/722
723,2000,Medicina,person,Paul Greengard,Paul,Greengard,male,1925-12-11,2019-04-13,"New York, NY",USA,North America,1/3,2,for their discoveries concerning signal transduction in the nervous system,"Rockefeller University — New York, NY, USA",received,2000-10-09,9000000,14331095,https://www.nobelprize.org/laureate/723,https://www.nobelprize.org/prizes/medicine/2000/summary/,https://en.wikipedia.org/wiki/Paul_Greengard,https://www.wikidata.org/wiki/Q309979,https://api.nobelprize.org/2/laureate/723
724,2000,Medicina,person,Eric Kandel,Eric,Kandel,male,1929-11-07,,Vienna,Austria,Europe,1/3,3,for their discoveries concerning signal transduction in the nervous system,"Columbia University — New York, NY, USA",received,2000-10-09,9000000,14331095,https://www.nobelprize.org/laureate/724,https://www.nobelprize.org/prizes/medicine/2000/summary/,https://en.wikipedia.org/wiki/Eric_Kandel,https://www.wikidata.org/wiki/Q155529,https://api.nobelprize.org/2/laureate/724
732,2000,Ciencias Económicas,person,James J. Heckman,James J.,Heckman,male,1944-04-19,,"Chicago, IL",USA,North America,1/2,1,for his development of theory and methods for analyzing selective samples,"University of Chicago — Chicago, IL, USA",received,2000-10-11,9000000,14331095,https://www.nobelprize.org/laureate/732,https://www.nobelprize.org/prizes/economic-sciences/2000/summary/,https://en.wikipedia.org/wiki/James_Heckman,https://www.wikidata.org/wiki/Q312561,https://api.nobelprize.org/2/laureate/732
733,2000,Ciencias Económicas,person,Daniel L. McFadden,Daniel L.,McFadden,male,1937-07-29,,"Raleigh, NC",USA,North America,1/2,2,for his development of theory and methods for analyzing discrete choice,"University of California — Berkeley, CA, USA",received,2000-10-11,9000000,14331095,https://www.nobelprize.org/laureate/733,https://www.nobelprize.org/prizes/economic-sciences/2000/summary/,https://en.wikipedia.org/wiki/Daniel_McFadden,https://www.wikidata.org/wiki/Q312560,https://api.nobelprize.org/2/laureate/733
725,2000,Paz,person,Kim Dae-jung,Kim,Dae-jung,male,1924-01-08,2009-08-18,Mokpo,Korea,Asia,1,1,"for his work for democracy and human rights in South Korea and in East Asia in general, and for peace and reconciliation with North Korea in particular",,received,2000-10-13,9000000,14331095,https://www.nobelprize.org/laureate/725,https://www.nobelprize.org/prizes/peace/2000/summary/,https://en.wikipedia.org/wiki/Kim_Dae-jung,https://www.wikidata.org/wiki/Q45785,https://api.nobelprize.org/2/laureate/725
734,2000,Literatura,person,Gao Xingjian,Xingjian,Gao,male,1940-01-04,,Ganzhou,China,Asia,1,1,"for an œuvre of universal validity, bitter insights and linguistic ingenuity, which has opened new paths for the Chinese novel and drama",,received,2000-10-12,9000000,14331095,https://www.nobelprize.org/laureate/734,https://www.nobelprize.org/prizes/literature/2000/summary/,https://en.wikipedia.org/wiki/Gao_Xingjian,https://www.wikidata.org/wiki/Q18143,https://api.nobelprize.org/2/laureate/734
158,1999,Física,person,Gerardus 't Hooft,Gerardus,'t Hooft,male,1946-07-05,,Den Helder,the Netherlands,Europe,1/2,1,for elucidating the quantum structure of electroweak interactions in physics,"Utrecht University — Utrecht, the Netherlands",received,1999-10-12,7900000,12707531,https://www.nobelprize.org/laureate/158,https://www.nobelprize.org/prizes/physics/1999/summary/,https://en.wikipedia.org/wiki/Gerard_'t_Hooft,https://www.wikidata.org/wiki/Q184592,https://api.nobelprize.org/2/laureate/158
159,1999,Física,person,Martinus J.G. Veltman,Martinus J.G.,Veltman,male,1931-06-27,2021-01-04,Waalwijk,the Netherlands,Europe,1/2,2,for elucidating the quantum structure of electroweak interactions in physics,,received,1999-10-12,7900000,12707531,https://www.nobelprize.org/laureate/159,https://www.nobelprize.org/prizes/physics/1999/summary/,https://en.wikipedia.org/wiki/Martinus_J._G._Veltman,https://www.wikidata.org/wiki/Q202149,https://api.nobelprize.org/2/laureate/159
292,1999,Química,person,Ahmed Zewail,Ahmed,Zewail,male,1946-02-26,2016-08-02,Damanhur,Egypt,Africa,1,1,for his studies of the transition states of chemical reactions using femtosecond spectroscopy,"California Institute of Technology (Caltech) — Pasadena, CA, USA",received,1999-10-12,7900000,12707531,https://www.nobelprize.org/laureate/292,https://www.nobelprize.org/prizes/chemistry/1999/summary/,https://en.wikipedia.org/wiki/Ahmed_Zewail,https://www.wikidata.org/wiki/Q106624,https://api.nobelprize.org/2/laureate/292
461,1999,Medicina,person,Günter Blobel,Günter,Blobel,male,1936-05-21,2018-02-18,Waltersdorf,Germany,Europe,1,1,for the discovery that proteins have intrinsic signals that govern their transport and localization in the cell,"Rockefeller University — New York, NY, USA | Howard Hughes Medical Institute — USA",received,1999-10-11,7900000,12707531,https://www.nobelprize.org/laureate/461,https://www.nobelprize.org/prizes/medicine/1999/summary/,https://en.wikipedia.org/wiki/Günter_Blobel,https://www.wikidata.org/wiki/Q60108,https://api.nobelprize.org/2/laureate/461
720,1999,Ciencias Económicas,person,Robert Mundell,Robert,Mundell,male,1932-10-24,2021-04-04,"Kingston, ON",Canada,North America,1,1,for his analysis of monetary and fiscal policy under different exchange rate regimes and his analysis of optimum currency areas,"Columbia University — New York, NY, USA",received,1999-10-13,7900000,12707531,https://www.nobelprize.org/laureate/720,https://www.nobelprize.org/prizes/economic-sciences/1999/summary/,https://en.wikipedia.org/wiki/Robert_Mundell,https://www.wikidata.org/wiki/Q219721,https://api.nobelprize.org/2/laureate/720
568,1999,Paz,organization,Doctors Without Borders,,,,1971-00-00,,Paris,France,Europe,1,1,in recognition of the organisation's pioneering humanitarian work on several continents,,received,1999-10-15,7900000,12707531,https://www.nobelprize.org/laureate/568,https://www.nobelprize.org/prizes/peace/1999/summary/,https://en.wikipedia.org/wiki/Médecins_Sans_Frontières,https://www.wikidata.org/wiki/Q49330,https://api.nobelprize.org/2/laureate/568
676,1999,Literatura,person,Günter Grass,Günter,Grass,male,1927-10-16,2015-04-13,Danzig,Free City of Danzig,Europe,1,1,whose frolicsome black fables portray the forgotten face of history,,received,1999-09-30,7900000,12707531,https://www.nobelprize.org/laureate/676,https://www.nobelprize.org/prizes/literature/1999/summary/,https://en.wikipedia.org/wiki/Günter_Grass,https://www.wikidata.org/wiki/Q6538,https://api.nobelprize.org/2/laureate/676
155,1998,Física,person,Robert B. Laughlin,Robert B.,Laughlin,male,1950-11-01,,"Visalia, CA",USA,North America,1/3,1,for their discovery of a new form of quantum fluid with fractionally charged excitations,"Stanford University — Stanford, CA, USA",received,1998-10-13,7600000,12283299,https://www.nobelprize.org/laureate/155,https://www.nobelprize.org/prizes/physics/1998/summary/,https://en.wikipedia.org/wiki/Robert_B._Laughlin,https://www.wikidata.org/wiki/Q189997,https://api.nobelprize.org/2/laureate/155
156,1998,Física,person,Horst L. Störmer,Horst L.,Störmer,male,1949-04-06,,Frankfurt-on-the-Main,West Germany,Europe,1/3,2,for their discovery of a new form of quantum fluid with fractionally charged excitations,"Columbia University — New York, NY, USA",received,1998-10-13,7600000,12283299,https://www.nobelprize.org/laureate/156,https://www.nobelprize.org/prizes/physics/1998/summary/,https://en.wikipedia.org/wiki/Horst_Ludwig_Störmer,https://www.wikidata.org/wiki/Q71015,https://api.nobelprize.org/2/laureate/156
157,1998,Física,person,Daniel C. Tsui,Daniel C.,Tsui,male,1939-02-28,,Henan,China,Asia,1/3,3,for their discovery of a new form of quantum fluid with fractionally charged excitations,"Princeton University — Princeton, NJ, USA",received,1998-10-13,7600000,12283299,https://www.nobelprize.org/laureate/157,https://www.nobelprize.org/prizes/physics/1998/summary/,https://en.wikipedia.org/wiki/Daniel_C._Tsui,https://www.wikidata.org/wiki/Q202138,https://api.nobelprize.org/2/laureate/157
290,1998,Química,person,Walter Kohn,Walter,Kohn,male,1923-03-09,2016-04-19,Vienna,Austria,Europe,1/2,1,for his development of the density-functional theory,"University of California — Santa Barbara, CA, USA",received,1998-10-13,7600000,12283299,https://www.nobelprize.org/laureate/290,https://www.nobelprize.org/prizes/chemistry/1998/summary/,https://en.wikipedia.org/wiki/Walter_Kohn,https://www.wikidata.org/wiki/Q78510,https://api.nobelprize.org/2/laureate/290
291,1998,Química,person,John Pople,John,Pople,male,1925-10-31,2004-03-15,Burnham-on-Sea,United Kingdom,Europe,1/2,2,for his development of computational methods in quantum chemistry,"Northwestern University — Evanston, IL, USA",received,1998-10-13,7600000,12283299,https://www.nobelprize.org/laureate/291,https://www.nobelprize.org/prizes/chemistry/1998/summary/,https://en.wikipedia.org/wiki/John_Pople,https://www.wikidata.org/wiki/Q233973,https://api.nobelprize.org/2/laureate/291
458,1998,Medicina,person,Robert F. Furchgott,Robert F.,Furchgott,male,1916-06-04,2009-05-19,"Charleston, SC",USA,North America,1/3,1,for their discoveries concerning nitric oxide as a signalling molecule in the cardiovascular system,"SUNY Health Science Center — Brooklyn, NY, USA",received,1998-10-12,7600000,12283299,https://www.nobelprize.org/laureate/458,https://www.nobelprize.org/prizes/medicine/1998/summary/,https://en.wikipedia.org/wiki/Robert_F._Furchgott,https://www.wikidata.org/wiki/Q108880,https://api.nobelprize.org/2/laureate/458
459,1998,Medicina,person,Louis J. Ignarro,Louis J.,Ignarro,male,1941-05-31,,"Brooklyn, NY",USA,North America,1/3,2,for their discoveries concerning nitric oxide as a signalling molecule in the cardiovascular system,"University of California School of Medicine — Los Angeles, CA, USA",received,1998-10-12,7600000,12283299,https://www.nobelprize.org/laureate/459,https://www.nobelprize.org/prizes/medicine/1998/summary/,https://en.wikipedia.org/wiki/Louis_Ignarro,https://www.wikidata.org/wiki/Q309820,https://api.nobelprize.org/2/laureate/459
460,1998,Medicina,person,Ferid Murad,Ferid,Murad,male,1936-09-14,2023-09-04,"Whiting, IN",USA,North America,1/3,3,for their discoveries concerning nitric oxide as a signalling molecule in the cardiovascular system,"University of Texas Medical School at Houston — Houston, TX, USA",received,1998-10-12,7600000,12283299,https://www.nobelprize.org/laureate/460,https://www.nobelprize.org/prizes/medicine/1998/summary/,https://en.wikipedia.org/wiki/Ferid_Murad,https://www.wikidata.org/wiki/Q295999,https://api.nobelprize.org/2/laureate/460
719,1998,Ciencias Económicas,person,Amartya Sen,Amartya,Sen,male,1933-11-03,,Santiniketan,India,Asia,1,1,for his contributions to welfare economics,"Trinity College — Cambridge, United Kingdom",received,1998-10-14,7600000,12283299,https://www.nobelprize.org/laureate/719,https://www.nobelprize.org/prizes/economic-sciences/1998/summary/,https://en.wikipedia.org/wiki/Amartya_Sen,https://www.wikidata.org/wiki/Q132489,https://api.nobelprize.org/2/laureate/719
566,1998,Paz,person,John Hume,John,Hume,male,1937-01-18,2020-08-03,Londonderry,Northern Ireland,Europe,1/2,1,for their efforts to find a peaceful solution to the conflict in Northern Ireland,,received,1998-10-16,7600000,12283299,https://www.nobelprize.org/laureate/566,https://www.nobelprize.org/prizes/peace/1998/summary/,https://en.wikipedia.org/wiki/John_Hume,https://www.wikidata.org/wiki/Q193630,https://api.nobelprize.org/2/laureate/566
567,1998,Paz,person,David Trimble,David,Trimble,male,1944-10-15,2022-07-25,Belfast,Northern Ireland,Europe,1/2,2,for their efforts to find a peaceful solution to the conflict in Northern Ireland,,received,1998-10-16,7600000,12283299,https://www.nobelprize.org/laureate/567,https://www.nobelprize.org/prizes/peace/1998/summary/,https://en.wikipedia.org/wiki/David_Trimble,https://www.wikidata.org/wiki/Q192556,https://api.nobelprize.org/2/laureate/567
675,1998,Literatura,person,José Saramago,José,Saramago,male,1922-11-16,2010-06-18,Azinhaga,Portugal,Europe,1,1,"who with parables sustained by imagination, compassion and irony continually enables us once again to apprehend an elusory reality",,received,1998-10-08,7600000,12283299,https://www.nobelprize.org/laureate/675,https://www.nobelprize.org/prizes/literature/1998/summary/,https://en.wikipedia.org/wiki/José_Saramago,https://www.wikidata.org/wiki/Q37060,https://api.nobelprize.org/2/laureate/675
152,1997,Física,person,Steven Chu,Steven,Chu,male,1948-02-28,,"St. Louis, MO",USA,North America,1/3,1,for development of methods to cool and trap atoms with laser light,"Stanford University — Stanford, CA, USA",received,1997-10-15,7500000,12105174,https://www.nobelprize.org/laureate/152,https://www.nobelprize.org/prizes/physics/1997/summary/,https://en.wikipedia.org/wiki/Steven_Chu,https://www.wikidata.org/wiki/Q172466,https://api.nobelprize.org/2/laureate/152
153,1997,Física,person,Claude Cohen-Tannoudji,Claude,Cohen-Tannoudji,male,1933-04-01,,Constantine,French Algeria,Africa,1/3,2,for development of methods to cool and trap atoms with laser light,"Collège de France — Paris, France | École Normale Supérieure — Paris, France",received,1997-10-15,7500000,12105174,https://www.nobelprize.org/laureate/153,https://www.nobelprize.org/prizes/physics/1997/summary/,https://en.wikipedia.org/wiki/Claude_Cohen-Tannoudji,https://www.wikidata.org/wiki/Q190697,https://api.nobelprize.org/2/laureate/153
154,1997,Física,person,William D. Phillips,William D.,Phillips,male,1948-11-05,,"Wilkes-Barre, PA",USA,North America,1/3,3,for development of methods to cool and trap atoms with laser light,"National Institute of Standards and Technology — Gaithersburg, MD, USA",received,1997-10-15,7500000,12105174,https://www.nobelprize.org/laureate/154,https://www.nobelprize.org/prizes/physics/1997/summary/,https://en.wikipedia.org/wiki/William_Daniel_Phillips,https://www.wikidata.org/wiki/Q190756,https://api.nobelprize.org/2/laureate/154
287,1997,Química,person,Paul D. Boyer,Paul D.,Boyer,male,1918-07-31,2018-06-02,"Provo, UT",USA,North America,1/4,1,for their elucidation of the enzymatic mechanism underlying the synthesis of adenosine triphosphate (ATP),"University of California — Los Angeles, CA, USA",received,1997-10-15,7500000,12105174,https://www.nobelprize.org/laureate/287,https://www.nobelprize.org/prizes/chemistry/1997/summary/,https://en.wikipedia.org/wiki/Paul_D._Boyer,https://www.wikidata.org/wiki/Q102395,https://api.nobelprize.org/2/laureate/287
288,1997,Química,person,John E. Walker,John E.,Walker,male,1941-01-07,,Halifax,United Kingdom,Europe,1/4,2,for their elucidation of the enzymatic mechanism underlying the synthesis of adenosine triphosphate (ATP),"MRC Laboratory of Molecular Biology — Cambridge, United Kingdom",received,1997-10-15,7500000,12105174,https://www.nobelprize.org/laureate/288,https://www.nobelprize.org/prizes/chemistry/1997/summary/,https://en.wikipedia.org/wiki/John_E._Walker,https://www.wikidata.org/wiki/Q235184,https://api.nobelprize.org/2/laureate/288
289,1997,Química,person,Jens C. Skou,Jens C.,Skou,male,1918-10-08,2018-05-28,Lemvig,Denmark,Europe,1/2,3,"for the first discovery of an ion-transporting enzyme, Na+, K+ -ATPase","Aarhus University — Aarhus, Denmark",received,1997-10-15,7500000,12105174,https://www.nobelprize.org/laureate/289,https://www.nobelprize.org/prizes/chemistry/1997/summary/,https://en.wikipedia.org/wiki/Jens_Christian_Skou,https://www.wikidata.org/wiki/Q1687170,https://api.nobelprize.org/2/laureate/289
457,1997,Medicina,person,Stanley B. Prusiner,Stanley B.,Prusiner,male,1942-05-28,,"Des Moines, IA",USA,North America,1,1,for his discovery of Prions - a new biological principle of infection,"University of California School of Medicine — San Francisco, CA, USA",received,1997-10-06,7500000,12105174,https://www.nobelprize.org/laureate/457,https://www.nobelprize.org/prizes/medicine/1997/summary/,https://en.wikipedia.org/wiki/Stanley_B._Prusiner,https://www.wikidata.org/wiki/Q155380,https://api.nobelprize.org/2/laureate/457
717,1997,Ciencias Económicas,person,Robert C. Merton,Robert C.,Merton,male,1944-07-31,,"New York, NY",USA,North America,1/2,1,for a new method to determine the value of derivatives,"Harvard University — Cambridge, MA, USA",received,1997-10-14,7500000,12105174,https://www.nobelprize.org/laureate/717,https://www.nobelprize.org/prizes/economic-sciences/1997/summary/,https://en.wikipedia.org/wiki/Robert_C._Merton,https://www.wikidata.org/wiki/Q287542,https://api.nobelprize.org/2/laureate/717
718,1997,Ciencias Económicas,person,Myron Scholes,Myron,Scholes,male,1941-07-01,,"Timmins, ON",Canada,North America,1/2,2,for a new method to determine the value of derivatives,"Long Term Capital Management — Greenwich, CT, USA",received,1997-10-14,7500000,12105174,https://www.nobelprize.org/laureate/718,https://www.nobelprize.org/prizes/economic-sciences/1997/summary/,https://en.wikipedia.org/wiki/Myron_Scholes,https://www.wikidata.org/wiki/Q295647,https://api.nobelprize.org/2/laureate/718
564,1997,Paz,organization,International Campaign to Ban Landmines,,,,1992-00-00,,,USA,North America,1/2,1,for their work for the banning and clearing of anti-personnel mines,,received,1997-10-10,7500000,12105174,https://www.nobelprize.org/laureate/564,https://www.nobelprize.org/prizes/peace/1997/summary/,https://en.wikipedia.org/wiki/International_Campaign_to_Ban_Landmines,https://www.wikidata.org/wiki/Q325523,https://api.nobelprize.org/2/laureate/564
565,1997,Paz,person,Jody Williams,Jody,Williams,female,1950-10-09,,"Rutland, VT",USA,North America,1/2,2,for their work for the banning and clearing of anti-personnel mines,,received,1997-10-10,7500000,12105174,https://www.nobelprize.org/laureate/565,https://www.nobelprize.org/prizes/peace/1997/summary/,https://en.wikipedia.org/wiki/Jody_Williams,https://www.wikidata.org/wiki/Q211239,https://api.nobelprize.org/2/laureate/565
674,1997,Literatura,person,Dario Fo,Dario,Fo,male,1926-03-24,2016-10-13,Leggiuno-Sangiano,Italy,Europe,1,1,who emulates the jesters of the Middle Ages in scourging authority and upholding the dignity of the downtrodden,,received,1997-10-09,7500000,12105174,https://www.nobelprize.org/laureate/674,https://www.nobelprize.org/prizes/literature/1997/summary/,https://en.wikipedia.org/wiki/Dario_Fo,https://www.wikidata.org/wiki/Q765,https://api.nobelprize.org/2/laureate/674
149,1996,Física,person,David M. Lee,David M.,Lee,male,1931-01-20,,"Rye, NY",USA,North America,1/3,1,for their discovery of superfluidity in helium-3,"Cornell University — Ithaca, NY, USA",received,1996-10-09,7400000,12000958,https://www.nobelprize.org/laureate/149,https://www.nobelprize.org/prizes/physics/1996/summary/,https://en.wikipedia.org/wiki/David_Lee_(physicist),https://www.wikidata.org/wiki/Q201853,https://api.nobelprize.org/2/laureate/149
150,1996,Física,person,Douglas D. Osheroff,Douglas D.,Osheroff,male,1945-08-01,,"Aberdeen, WA",USA,North America,1/3,2,for their discovery of superfluidity in helium-3,"Stanford University — Stanford, CA, USA",received,1996-10-09,7400000,12000958,https://www.nobelprize.org/laureate/150,https://www.nobelprize.org/prizes/physics/1996/summary/,https://en.wikipedia.org/wiki/Douglas_Osheroff,https://www.wikidata.org/wiki/Q206405,https://api.nobelprize.org/2/laureate/150
151,1996,Física,person,Robert C. Richardson,Robert C.,Richardson,male,1937-06-26,2013-02-19,"Washington, D.C.",USA,North America,1/3,3,for their discovery of superfluidity in helium-3,"Cornell University — Ithaca, NY, USA",received,1996-10-09,7400000,12000958,https://www.nobelprize.org/laureate/151,https://www.nobelprize.org/prizes/physics/1996/summary/,https://en.wikipedia.org/wiki/Robert_Coleman_Richardson,https://www.wikidata.org/wiki/Q192708,https://api.nobelprize.org/2/laureate/151
284,1996,Química,person,Robert F. Curl Jr.,Robert F.,Curl Jr.,male,1933-08-23,2022-07-03,"Alice, TX",USA,North America,1/3,1,for their discovery of fullerenes,"Rice University — Houston, TX, USA",received,1996-10-09,7400000,12000958,https://www.nobelprize.org/laureate/284,https://www.nobelprize.org/prizes/chemistry/1996/summary/,https://en.wikipedia.org/wiki/Robert_Curl,https://www.wikidata.org/wiki/Q110930,https://api.nobelprize.org/2/laureate/284
285,1996,Química,person,Sir Harold Kroto,Sir Harold,Kroto,male,1939-10-07,2016-04-30,"Wisbech, Cambridgeshire ",United Kingdom,Europe,1/3,2,for their discovery of fullerenes,"University of Sussex — Brighton, United Kingdom",received,1996-10-09,7400000,12000958,https://www.nobelprize.org/laureate/285,https://www.nobelprize.org/prizes/chemistry/1996/summary/,https://en.wikipedia.org/wiki/Harry_Kroto,https://www.wikidata.org/wiki/Q157250,https://api.nobelprize.org/2/laureate/285
286,1996,Química,person,Richard E. Smalley,Richard E.,Smalley,male,1943-06-06,2005-10-28,"Akron, OH",USA,North America,1/3,3,for their discovery of fullerenes,"Rice University — Houston, TX, USA",received,1996-10-09,7400000,12000958,https://www.nobelprize.org/laureate/286,https://www.nobelprize.org/prizes/chemistry/1996/summary/,https://en.wikipedia.org/wiki/Richard_Smalley,https://www.wikidata.org/wiki/Q106746,https://api.nobelprize.org/2/laureate/286
455,1996,Medicina,person,Peter C. Doherty,Peter C.,Doherty,male,1940-10-15,,Brisbane,Australia,Oceania,1/2,1,for their discoveries concerning the specificity of the cell mediated immune defence,"St. Jude Children's Research Hospital — Memphis, TN, USA",received,1996-10-07,7400000,12000958,https://www.nobelprize.org/laureate/455,https://www.nobelprize.org/prizes/medicine/1996/summary/,https://en.wikipedia.org/wiki/Peter_C._Doherty,https://www.wikidata.org/wiki/Q309814,https://api.nobelprize.org/2/laureate/455
456,1996,Medicina,person,Rolf M. Zinkernagel,Rolf M.,Zinkernagel,male,1944-01-06,,Basel,Switzerland,Europe,1/2,2,for their discoveries concerning the specificity of the cell mediated immune defence,"University of Zurich, Institute of Experimental Immunology — Zurich, Switzerland",received,1996-10-07,7400000,12000958,https://www.nobelprize.org/laureate/456,https://www.nobelprize.org/prizes/medicine/1996/summary/,https://en.wikipedia.org/wiki/Rolf_M._Zinkernagel,https://www.wikidata.org/wiki/Q116064,https://api.nobelprize.org/2/laureate/456
715,1996,Ciencias Económicas,person,James A. Mirrlees,James A.,Mirrlees,male,1936-07-05,2018-08-29,Minnigaff,Scotland,Europe,1/2,1,for their fundamental contributions to the economic theory of incentives under asymmetric information,"University of Cambridge — Cambridge, United Kingdom",received,1996-10-08,7400000,12000958,https://www.nobelprize.org/laureate/715,https://www.nobelprize.org/prizes/economic-sciences/1996/summary/,https://en.wikipedia.org/wiki/James_Mirrlees,https://www.wikidata.org/wiki/Q176643,https://api.nobelprize.org/2/laureate/715
716,1996,Ciencias Económicas,person,William Vickrey,William,Vickrey,male,1914-06-21,1996-10-11,"Victoria, BC",Canada,North America,1/2,2,for their fundamental contributions to the economic theory of incentives under asymmetric information,"Columbia University — New York, NY, USA",received,1996-10-08,7400000,12000958,https://www.nobelprize.org/laureate/716,https://www.nobelprize.org/prizes/economic-sciences/1996/summary/,https://en.wikipedia.org/wiki/William_Vickrey,https://www.wikidata.org/wiki/Q295673,https://api.nobelprize.org/2/laureate/716
562,1996,Paz,person,Carlos Filipe Ximenes Belo,Carlos Filipe Ximenes,Belo,male,1948-02-03,,Wailacama,East Timor,Oceania,1/2,1,for their work towards a just and peaceful solution to the conflict in East Timor,,received,1996-10-11,7400000,12000958,https://www.nobelprize.org/laureate/562,https://www.nobelprize.org/prizes/peace/1996/summary/,https://en.wikipedia.org/wiki/Carlos_Filipe_Ximenes_Belo,https://www.wikidata.org/wiki/Q234001,https://api.nobelprize.org/2/laureate/562
563,1996,Paz,person,José Ramos-Horta,José,Ramos-Horta,male,1949-12-26,,Dili,East Timor,Oceania,1/2,2,for their work towards a just and peaceful solution to the conflict in East Timor,,received,1996-10-11,7400000,12000958,https://www.nobelprize.org/laureate/563,https://www.nobelprize.org/prizes/peace/1996/summary/,https://en.wikipedia.org/wiki/José_Ramos-Horta,https://www.wikidata.org/wiki/Q11665,https://api.nobelprize.org/2/laureate/563
673,1996,Literatura,person,Wisława Szymborska,Wisława,Szymborska,female,1923-07-02,2012-02-01,Bnin,Poland,Europe,1,1,for poetry that with ironic precision allows the historical and biological context to come to light in fragments of human reality,,received,1996-10-03,7400000,12000958,https://www.nobelprize.org/laureate/673,https://www.nobelprize.org/prizes/literature/1996/summary/,https://en.wikipedia.org/wiki/Wisława_Szymborska,https://www.wikidata.org/wiki/Q42552,https://api.nobelprize.org/2/laureate/673
147,1995,Física,person,Martin L. Perl,Martin L.,Perl,male,1927-06-24,2014-09-30,"New York, NY",USA,North America,1/2,1,for the discovery of the tau lepton,"Stanford University — Stanford, CA, USA",received,1995-10-11,7200000,11732784,https://www.nobelprize.org/laureate/147,https://www.nobelprize.org/prizes/physics/1995/summary/,https://en.wikipedia.org/wiki/Martin_Lewis_Perl,https://www.wikidata.org/wiki/Q107416,https://api.nobelprize.org/2/laureate/147
148,1995,Física,person,Frederick Reines,Frederick,Reines,male,1918-03-16,1998-08-26,"Paterson, NJ",USA,North America,1/2,2,for the detection of the neutrino,"University of California — Irvine, CA, USA",received,1995-10-11,7200000,11732784,https://www.nobelprize.org/laureate/148,https://www.nobelprize.org/prizes/physics/1995/summary/,https://en.wikipedia.org/wiki/Frederick_Reines,https://www.wikidata.org/wiki/Q191922,https://api.nobelprize.org/2/laureate/148
281,1995,Química,person,Paul J. Crutzen,Paul J.,Crutzen,male,1933-12-03,2021-01-28,Amsterdam,the Netherlands,Europe,1/3,1,"for their work in atmospheric chemistry, particularly concerning the formation and decomposition of ozone","Max-Planck-Institut für Chemie — Mainz, Germany",received,1995-10-11,7200000,11732784,https://www.nobelprize.org/laureate/281,https://www.nobelprize.org/prizes/chemistry/1995/summary/,https://en.wikipedia.org/wiki/Paul_J._Crutzen,https://www.wikidata.org/wiki/Q135139,https://api.nobelprize.org/2/laureate/281
282,1995,Química,person,Mario J. Molina,Mario J.,Molina,male,1943-03-19,2020-10-07,Mexico City,Mexico,North America,1/3,2,"for their work in atmospheric chemistry, particularly concerning the formation and decomposition of ozone","Massachusetts Institute of Technology (MIT) — Cambridge, MA, USA",received,1995-10-11,7200000,11732784,https://www.nobelprize.org/laureate/282,https://www.nobelprize.org/prizes/chemistry/1995/summary/,https://en.wikipedia.org/wiki/Mario_J._Molina,https://www.wikidata.org/wiki/Q19045,https://api.nobelprize.org/2/laureate/282
283,1995,Química,person,F. Sherwood Rowland,F. Sherwood,Rowland,male,1927-06-28,2012-03-10,"Delaware, OH",USA,North America,1/3,3,"for their work in atmospheric chemistry, particularly concerning the formation and decomposition of ozone","University of California — Irvine, CA, USA",received,1995-10-11,7200000,11732784,https://www.nobelprize.org/laureate/283,https://www.nobelprize.org/prizes/chemistry/1995/summary/,https://en.wikipedia.org/wiki/Frank_Sherwood_Rowland,https://www.wikidata.org/wiki/Q111190,https://api.nobelprize.org/2/laureate/283
452,1995,Medicina,person,Edward B. Lewis,Edward B.,Lewis,male,1918-05-20,2004-07-21,"Wilkes-Barre, PA",USA,North America,1/3,1,for their discoveries concerning the genetic control of early embryonic development,"California Institute of Technology (Caltech) — Pasadena, CA, USA",received,1995-10-09,7200000,11732784,https://www.nobelprize.org/laureate/452,https://www.nobelprize.org/prizes/medicine/1995/summary/,https://en.wikipedia.org/wiki/Edward_B._Lewis,https://www.wikidata.org/wiki/Q274123,https://api.nobelprize.org/2/laureate/452
453,1995,Medicina,person,Christiane Nüsslein-Volhard,Christiane,Nüsslein-Volhard,female,1942-10-20,,Magdeburg,Germany,Europe,1/3,2,for their discoveries concerning the genetic control of early embryonic development,"Max-Planck-Institut für Entwicklungsbiologie — Tübingen, Germany",received,1995-10-09,7200000,11732784,https://www.nobelprize.org/laureate/453,https://www.nobelprize.org/prizes/medicine/1995/summary/,https://en.wikipedia.org/wiki/Christiane_Nüsslein-Volhard,https://www.wikidata.org/wiki/Q77174,https://api.nobelprize.org/2/laureate/453
454,1995,Medicina,person,Eric F. Wieschaus,Eric F.,Wieschaus,male,1947-06-08,,"South Bend, IN",USA,North America,1/3,3,for their discoveries concerning the genetic control of early embryonic development,"Princeton University — Princeton, NJ, USA",received,1995-10-09,7200000,11732784,https://www.nobelprize.org/laureate/454,https://www.nobelprize.org/prizes/medicine/1995/summary/,https://en.wikipedia.org/wiki/Eric_F._Wieschaus,https://www.wikidata.org/wiki/Q301438,https://api.nobelprize.org/2/laureate/454
714,1995,Ciencias Económicas,person,Robert E. Lucas Jr.,Robert E.,Lucas Jr.,male,1937-09-15,2023-05-15,"Yakima, WA",USA,North America,1,1,"for having developed and applied the hypothesis of rational expectations, and thereby having transformed macroeconomic analysis and deepened our understanding of economic policy","University of Chicago — Chicago, IL, USA",received,1995-10-10,7200000,11732784,https://www.nobelprize.org/laureate/714,https://www.nobelprize.org/prizes/economic-sciences/1995/summary/,"https://en.wikipedia.org/wiki/Robert_Lucas,_Jr.",https://www.wikidata.org/wiki/Q107264,https://api.nobelprize.org/2/laureate/714
560,1995,Paz,person,Joseph Rotblat,Joseph,Rotblat,male,1908-11-04,2005-08-31,Warsaw,Russian Empire,Europe,1/2,1,"for their efforts to diminish the part played by nuclear arms in international politics and, in the longer run, to eliminate such arms",,received,1995-10-13,7200000,11732784,https://www.nobelprize.org/laureate/560,https://www.nobelprize.org/prizes/peace/1995/summary/,https://en.wikipedia.org/wiki/Joseph_Rotblat,https://www.wikidata.org/wiki/Q219982,https://api.nobelprize.org/2/laureate/560
561,1995,Paz,organization,Pugwash Conferences on Science and World Affairs,,,,1957-00-00,,Pugwash,Canada,North America,1/2,2,"for their efforts to diminish the part played by nuclear arms in international politics and, in the longer run, to eliminate such arms",,received,1995-10-13,7200000,11732784,https://www.nobelprize.org/laureate/561,https://www.nobelprize.org/prizes/peace/1995/summary/,https://en.wikipedia.org/wiki/Pugwash_Conferences_on_Science_and_World_Affairs,https://www.wikidata.org/wiki/Q381282,https://api.nobelprize.org/2/laureate/561
672,1995,Literatura,person,Seamus Heaney,Seamus,Heaney,male,1939-04-13,2013-08-30,Casteldàwson,Northern Ireland,Europe,1,1,"for works of lyrical beauty and ethical depth, which exalt everyday miracles and the living past",,received,1995-10-05,7200000,11732784,https://www.nobelprize.org/laureate/672,https://www.nobelprize.org/prizes/literature/1995/summary/,https://en.wikipedia.org/wiki/Seamus_Heaney,https://www.wikidata.org/wiki/Q93356,https://api.nobelprize.org/2/laureate/672
